Date,Buffett,Dow Jones
2012-01-03,100000,100000
2012-01-04,99045.7359,100169.7136
2012-01-05,99424.00275,100147.7757
2012-01-06,98435.35076,99697.83969
2012-01-09,98435.35076,99962.17384
2012-01-10,99638.9271,100525.029
2012-01-11,100510.6602,100420.0106
2012-01-12,101315.337,100593.9936
2012-01-13,100171.9395,100199.0718
2012-01-17,100541.6094,100683.1317
2012-01-18,101629.1265,101464.5862
2012-01-19,102613.4801,101827.8103
2012-01-20,102970.2545,102606.2006
2012-01-23,102157.8404,102512.1472
2012-01-24,101078.0605,102245.3948
2012-01-25,103120.7015,102915.6945
2012-01-26,102690.8528,102720.3329
2012-01-27,102485.3851,102122.0619
2012-01-30,101379.8143,102067.6937
2012-01-31,101379.8143,101899.8391
2012-02-01,101272.3521,102573.7703
2012-02-02,101547.4553,102484.6401
2012-02-03,102991.7469,103749.5873
2012-02-06,103026.1348,103611.6502
2012-02-07,103056.2242,103878.4027
2012-02-08,102712.3453,103924.7834
2012-02-09,102179.3329,103977.2926
2012-02-10,101427.0977,103257.5479
2012-02-13,102501.7194,103844.8459
2012-02-14,101852.6479,103879.0486
2012-02-15,100507.2215,103093.9627
2012-02-16,101736.5887,104087.1555
2012-02-17,102467.3315,104456.5081
2012-02-21,102626.3755,104584.1182
2012-02-22,101590.4402,104366.1648
2012-02-23,102303.989,104737.3764
2012-02-24,103163.6864,104723.3393
2012-02-27,103464.5805,104711.7204
2012-02-28,102531.8088,104902.1667
2012-02-29,101387.5516,104474.2553
2012-03-01,101753.7827,104701.9606
2012-03-02,100957.7029,104679.9439
2012-03-05,102213.7208,104560.8805
2012-03-06,101319.6355,102918.1207
2012-03-07,101448.5901,103548.7353
2012-03-08,101813.9615,104118.294
2012-03-09,102359.8693,104231.8591
2012-03-12,102506.0179,104535.8784
2012-03-13,104238.3081,106294.0703
2012-03-14,104087.0014,106426.517
2012-03-15,104883.0812,106899.6828
2012-03-16,105046.4237,106737.2319
2012-03-19,104981.9464,106789.7411
2012-03-20,105045.564,106233.6603
2012-03-21,104659.5598,105866.0801
2012-03-22,104435.1788,105233.0393
2012-03-23,105029.2297,105512.0565
2012-03-26,106219.9106,106809.9067
2012-03-27,105449.6217,106455.8043
2012-03-28,105549.3466,105878.9041
2012-03-29,105304.3329,106037.0856
2012-03-30,104797.1114,106571.2285
2012-04-02,105478.8514,106994.3033
2012-04-03,105189.9931,106470.4795
2012-04-04,104668.1568,105463.8167
2012-04-05,104276.9945,105345.9664
2012-04-09,102905.7772,104292.9229
2012-04-10,101611.9326,102569.493
2012-04-11,102067.5722,103291.0967
2012-04-12,103312.414,104752.6187
2012-04-13,101775.2751,103647.6253
2012-04-16,102755.3301,104226.9437
2012-04-17,104289.89,105792.8382
2012-04-18,102948.762,105125.0355
2012-04-19,102346.9739,104571.2863
2012-04-20,101942.9161,105096.8825
2012-04-23,101697.0426,104273.4033
2012-04-24,102905.7772,104873.4466
2012-04-25,102953.9202,105592.6321
2012-04-26,103765.4746,106511.3777
2012-04-27,103958.9065,106702.4621
2012-04-30,103851.4443,106584.0525
2012-05-01,105042.1252,107113.926
2012-05-02,104689.6492,107027.2141
2012-05-03,104711.1417,106527.266
2012-05-04,104840.0963,105169.5572
2012-05-07,106323.934,104929.6738
2012-05-08,106382.3934,104313.0885
2012-05-09,105364.5117,103530.4209
2012-05-10,105699.7937,103691.5877
2012-05-11,105566.5406,103413.7836
2012-05-14,104603.6795,102403.4895
2012-05-15,104388.7552,101892.4976
2012-05-16,104711.1417,101622.681
2012-05-17,103894.4292,100363.87
2012-05-18,103034.7318,99774.14583
2012-05-21,103352.8198,100863.8969
2012-05-22,103636.5199,100850.4191
2012-05-23,103554.8487,100796.7047
2012-05-24,103350.2407,101067.7266
2012-05-25,102733.8377,100463.4059
2012-05-29,103278.0261,101478.6233
2012-05-30,102518.9133,100181.3324
2012-05-31,102175.0344,99968.30227
2012-06-01,103030.4333,97751.06052
2012-06-04,102461.3136,97613.04465
2012-06-05,102222.3177,97826.72073
2012-06-06,103800.7221,100140.4342
2012-06-07,104173.8308,100512.8509
2012-06-08,104883.0812,101264.9472
2012-06-11,103778.37,100111.7219
2012-06-12,104659.5598,101423.042
2012-06-13,103898.7276,100798.5558
2012-06-14,105398.8996,102053.0973
2012-06-15,106065.1651,102982.808
2012-06-18,105980.055,102778.3325
2012-06-19,106980.7428,103548.7353
2012-06-20,106387.5516,103444.3549
2012-06-21,104662.9986,101421.1909
2012-06-22,105459.0784,101963.3212
2012-06-25,103765.4746,100849.2139
2012-06-26,104993.9821,101107.4117
2012-06-27,105699.7937,101852.2453
2012-06-28,106116.7469,101652.6063
2012-06-29,107414.89,103893.645
2012-07-02,107887.7235,103823.4673
2012-07-03,107892.022,104406.4172
2012-07-05,107298.8308,104027.3836
2012-07-06,106514.7868,103025.5574
2012-07-09,107377.0633,102733.7241
2012-07-10,107449.2779,102062.8571
2012-07-11,108266.8501,101670.9207
2012-07-12,107738.1362,101418.7647
2012-07-13,108859.1816,103062.8243
2012-07-16,108267.7098,102660.4821
2012-07-17,109744.6699,103292.3098
2012-07-18,109515.9904,104124.4224
2012-07-19,109177.2696,104403.9989
2012-07-20,108089.7524,103429.6798
2012-07-23,107855.9147,102614.1014
2012-07-24,107866.2311,101774.088
2012-07-25,108321.8707,102247.813
2012-07-26,109310.5227,103956.8829
2012-07-27,109813.4457,105471.1583
2012-07-30,109998.2806,105449.7796
2012-07-31,109564.1334,104930.879
2012-08-01,109525.447,104668.3251
2012-08-02,108571.1829,103883.8852
2012-08-03,110453.0605,105636.5946
2012-08-06,109859.8693,105808.7264
2012-08-07,109198.762,106220.8284
2012-08-08,109181.5681,106277.6149
2012-08-09,109009.6286,106193.3292
2012-08-10,109332.0151,106538.2389
2012-08-13,109508.2531,106227.524
2012-08-14,109503.9546,106249.3831
2012-08-15,109187.586,106190.0208
2012-08-16,109744.6699,106878.312
2012-08-17,110797.7992,107080.6922
2012-08-20,110557.0839,107051.9721
2012-08-21,110041.2655,106502.9886
2012-08-22,110561.3824,106254.3851
2012-08-23,109869.326,105324.3515
2012-08-24,110234.6974,106135.0854
2012-08-27,110211.4856,105866.4818
2012-08-28,109613.1362,105691.6087
2012-08-29,109009.6286,105727.8279
2012-08-30,108479.1953,104866.5935
2012-08-31,108803.3012,105593.601
2012-09-04,108561.7263,105150.7702
2012-09-05,109843.5351,105243.8547
2012-09-06,111414.2022,107216.2031
2012-09-07,111710.7978,107334.2898
2012-09-10,111502.751,106912.0263
2012-09-11,111906.8088,107469.1627
2012-09-12,111889.6149,107549.7382
2012-09-13,114211.6575,109215.4994
2012-09-14,114339.7524,109647.121
2012-09-17,114068.9477,109322.2902
2012-09-18,114252.0633,109415.3747
2012-09-19,114597.6616,109522.8193
2012-09-20,115041.2655,109675.8332
2012-09-21,115701.5131,109534.9974
2012-09-24,114368.9821,109369.2381
2012-09-25,113897.0083,108551.5644
2012-09-26,113901.3067,108196.3277
2012-09-27,113830.8116,108780.8057
2012-09-28,114081.8432,108386.8528
2012-10-01,114339.7524,109015.8604
2012-10-02,114534.9037,108751.6917
2012-10-03,115255.3301,108850.5029
2012-10-04,116300.7221,109501.8502
2012-10-05,116536.2792,109782.4744
2012-10-08,116403.0261,109568.7195
2012-10-09,115096.2861,108680.4664
2012-10-10,114396.4924,107643.4686
2012-10-11,114350.9285,107493.5976
2012-10-12,113911.6231,107513.4402
2012-10-15,114859.8693,108282.8033
2012-10-16,115930.1926,109311.6481
2012-10-17,116717.6754,109353.7516
2012-10-18,116403.0261,109288.7413
2012-10-19,115062.7579,107631.6923
2012-10-22,114003.6107,107650.8889
2012-10-23,112250.6878,105687.8986
2012-10-24,112143.2256,105484.707
2012-10-25,112261.0041,105697.17
2012-10-26,111524.2435,105725.6459
2012-10-31,111335.11,105638.9341
2012-11-01,112964.2366,106737.2319
2012-11-02,112233.4938,105612.3171
2012-11-05,112018.5695,105767.8361
2012-11-06,112339.2366,106842.5733
2012-11-07,110349.8968,104318.2559
2012-11-08,109095.5983,103338.9348
2012-11-09,109684.4911,103371.7589
2012-11-12,110178.8171,103369.2619
2012-11-13,110836.4856,102894.1583
2012-11-14,110170.2201,101400.0564
2012-11-15,110194.2916,101169.602
2012-11-16,111197.5585,101540.081
2012-11-19,111760.6602,103215.0348
2012-11-20,111935.1788,103154.9399
2012-11-21,112886.8638,103545.1827
2012-11-23,114001.0316,104937.74
2012-11-26,113833.3906,104597.6669
2012-11-27,113483.4938,103877.8355
2012-11-28,113730.227,104740.7636
2012-11-29,113372.5928,105036.8742
2012-11-30,113407.8404,105067.2013
2012-12-03,113385.4883,104583.3856
2012-12-04,112525.7909,104471.9158
2012-12-05,113002.0633,105139.0726
2012-12-06,112826.685,105458.09
2012-12-07,112697.7304,106112.1786
2012-12-10,112438.1018,106231.1554
2012-12-11,112475.0688,106864.842
2012-12-12,115199.4498,106840.7222
2012-12-13,115371.3893,106237.9297
2012-12-14,115023.2118,105949.8853
2012-12-17,115930.1926,106759.5716
2012-12-18,116660.9354,107691.7872
2012-12-19,116231.0867,106893.3101
2012-12-20,116863.8239,107375.2668
2012-12-21,115887.2077,106400.223
2012-12-24,115766.8501,105981.5043
2012-12-26,115136.6919,105785.1737
2012-12-27,115113.4801,105637.721
2012-12-28,114339.7524,104361.6512
2012-12-31,115251.0316,105700.8801
2013-01-02,120022.3521,108188.5845
2013-01-03,120829.608,108017.6657
2013-01-04,121047.9711,108371.3663
2013-01-07,120520.9766,107960.635
2013-01-08,121217.3315,107513.4402
2013-01-09,120357.6341,108010.8046
2013-01-10,121877.5791,108661.829
2013-01-11,121668.6726,108800.6483
2013-01-14,122936.7263,108953.0243
2013-01-15,123112.9642,109175.4046
2013-01-16,122905.7772,108984.5645
2013-01-17,123352.8198,109668.4917
2013-01-18,123368.2944,110101.4918
2013-01-22,124488.4801,110605.7094
2013-01-23,125144.4292,111147.115
2013-01-24,125710.9697,111518.1612
2013-01-25,126624.8281,112088.0428
2013-01-28,126134.8006,111974.7061
2013-01-29,125941.3686,112559.4283
2013-01-30,125090.2682,112204.5146
2013-01-31,125408.3563,111802.4954
2013-02-01,126449.4498,113006.0559
2013-02-04,124664.718,111959.7867
2013-02-05,126225.0688,112760.1149
2013-02-06,126147.696,112818.3508
2013-02-07,125739.3398,112475.7807
2013-02-08,125837.3453,112870.3795
2013-02-11,125373.9684,112695.1047
2013-02-12,126482.978,113077.9272
2013-02-13,127020.2889,112789.2368
2013-02-14,128301.238,112712.4423
2013-02-15,129075.8253,112779.9575
2013-02-19,131102.132,113214.8087
2013-02-20,129814.3054,112342.6093
2013-02-21,129384.4567,111964.1428
2013-02-22,130681.74,112931.6875
2013-02-25,128868.6382,111186.1543
2013-02-26,127510.3164,112121.5129
2013-02-27,130601.7882,113535.0393
2013-02-28,131189.8212,113366.6175
2013-03-01,131318.7758,113650.3059
2013-03-04,131495.0138,113958.1141
2013-03-05,132758.7689,114974.0483
2013-03-06,133334.7662,115316.6263
2013-03-07,133433.6314,115584.8282
2013-03-08,133606.4305,116129.944
2013-03-11,134093.879,116535.0274
2013-03-12,132690.8528,116557.367
2013-03-13,133623.6245,116599.4784
2013-03-14,134104.1953,117275.9066
2013-03-15,131963.5488,117074.0147
2013-03-18,131740.8872,116573.4995
2013-03-19,131164.89,116603.8344
2013-03-20,131875,117054.8181
2013-03-21,131533.7001,116326.9205
2013-03-22,132170.7359,117057.2364
2013-03-25,132207.7029,116538.7375
2013-03-26,133861.7607,117441.3507
2013-03-27,132935.0069,117171.2111
2013-03-28,134353.5076,117593.7188
2013-04-01,133470.5983,117547.8185
2013-04-02,135445.3232,118267.004
2013-04-03,134456.6713,117366.3286
2013-04-04,135451.3411,117816.107
2013-04-05,134396.4924,117486.5184
2013-04-08,135832.1871,117875.556
2013-04-09,135462.5172,118359.3638
2013-04-10,137035.7634,119398.1339
2013-04-11,137495.7015,119905.4945
2013-04-12,138002.923,119904.8485
2013-04-15,134972.4897,117760.3682
2013-04-16,138411.2792,119031.4438
2013-04-17,135574.2779,117916.7694
2013-04-18,132845.5983,117259.7741
2013-04-19,135712.6891,117343.4218
2013-04-22,135266.5062,117502.0049
2013-04-23,137534.3879,118730.41
2013-04-24,137508.597,118382.2706
2013-04-25,138432.7717,118579.893
2013-04-26,138082.8748,118674.6711
2013-04-29,137293.6726,119531.3053
2013-04-30,136691.8845,119701.0977
2013-05-01,137292.8129,118581.1061
2013-05-02,138288.3425,119634.7956
2013-05-03,140048.1431,120783.2631
2013-05-06,141841.4718,120742.3648
2013-05-07,141583.5626,121446.631
2013-05-08,142944.4635,121841.2298
2013-05-09,142795.7359,121659.7399
2013-05-10,144240.0275,121949.0762
2013-05-13,143896.1486,121732.8164
2013-05-14,145518.3975,122729.5618
2013-05-15,145237.2765,123217.0876
2013-05-16,143829.9519,122874.5095
2013-05-17,145632.7373,123851.9795
2013-05-20,145460.7978,123697.7524
2013-05-21,145451.3411,124119.6142
2013-05-22,144085.282,123471.0081
2013-05-23,143552.2696,123368.8097
2013-05-24,142726.9601,123438.1761
2013-05-28,144773.0399,124295.535
2013-05-29,145634.4567,123435.7578
2013-05-30,148039.89,123611.0405
2013-05-31,147266.1623,121925.5234
2013-06-03,146931.74,123042.372
2013-06-04,146019.6011,122425.3849
2013-06-05,143913.3425,120675.4168
2013-06-06,146042.8129,121320.9586
2013-06-07,148641.6781,122994.6994
2013-06-10,148620.1857,122917.8261
2013-06-11,146277.5103,121977.5442
2013-06-12,145456.4993,120954.8357
2013-06-13,148387.2077,122413.6085
2013-06-14,147230.9147,121559.3926
2013-06-17,148478.3356,122444.0144
2013-06-18,148367.4347,123560.2249
2013-06-19,146966.9876,121898.2605
2013-06-20,144343.1912,119043.8661
2013-06-21,144601.1004,119375.2271
2013-06-24,143087.1733,118247.2402
2013-06-25,144699.1059,119059.9119
2013-06-26,145598.3494,120268.4744
2013-06-27,145569.1197,121190.8514
2013-06-28,144944.9794,120264.1183
2013-07-01,145823.5901,120791.3293
2013-07-02,145116.0591,120448.1132
2013-07-03,145268.2256,120899.4986
2013-07-05,148040.7497,122089.0219
2013-07-08,148297.7992,122805.7103
2013-07-09,149364.6836,123415.9152
2013-07-10,148388.0674,123345.9029
2013-07-11,151000.6878,124711.1895
2013-07-12,150881.1898,124738.4524
2013-07-15,151200.9972,124899.4539
2013-07-16,151176.9257,124638.0264
2013-07-17,151599.8968,124788.6221
2013-07-18,152749.3122,125417.9527
2013-07-19,153262.5516,125379.2364
2013-07-22,153217.8473,125393.8328
2013-07-23,152380.5021,125572.8257
2013-07-24,150086.8294,125367.1371
2013-07-25,150826.1692,125474.9834
2013-07-26,151243.1224,125500.9544
2013-07-29,150021.4924,125203.6307
2013-07-30,149214.2366,125192.5003
2013-07-31,149501.3755,125022.7079
2013-08-01,151048.8308,126059.0518
2013-08-02,151736.5887,126303.7876
2013-08-05,152424.3466,125930.8824
2013-08-06,152041.7813,125177.5809
2013-08-07,150618.9821,124789.8352
2013-08-08,151780.4333,125012.8693
2013-08-09,150533.0124,124425.5634
2013-08-12,151090.0963,124378.5367
2013-08-13,151070.3232,124631.252
2013-08-14,150236.4168,123716.9491
2013-08-15,148554.8487,121898.2605
2013-08-16,148832.5309,121650.4606
2013-08-19,147438.9615,121079.9409
2013-08-20,148727.6479,121017.4277
2013-08-21,146836.3136,120166.9219
2013-08-22,148045.0481,120700.8285
2013-08-23,147283.3563,121078.0819
2013-08-26,147008.2531,120561.442
2013-08-27,143870.3576,119187.5221
2013-08-28,144932.0839,119577.7649
2013-08-29,144472.1458,119710.377
2013-08-30,143612.4484,119463.223
2013-09-03,144423.1431,119653.9922
2013-09-04,144651.8226,120435.6909
2013-09-05,144635.4883,120489.0115
2013-09-06,144055.1926,120368.1757
2013-09-09,145185.6946,121502.4486
2013-09-10,146568.9477,122534.4364
2013-09-11,147300.5502,123627.7323
2013-09-12,146148.5557,123418.3335
2013-09-13,146281.8088,124026.6872
2013-09-16,148297.7992,124984.3146
2013-09-17,148984.6974,125266.2306
2013-09-18,150451.3411,126453.6586
2013-09-19,151156.293,126127.8589
2013-09-20,150447.0426,124631.8979
2013-09-23,149191.0248,124230.9264
2013-09-24,148297.7992,123692.1833
2013-09-25,149044.0165,123197.4813
2013-09-26,149243.4663,123641.4464
2013-09-27,148048.4869,123076.3305
2013-09-30,146501.0316,122039.254
2013-10-01,147032.3246,122539.6038
2013-10-02,147438.1018,122067.2416
2013-10-03,146144.2572,120964.9185
2013-10-04,146787.3109,121578.7547
2013-10-07,145680.0206,120479.0075
2013-10-08,143958.0468,119190.7517
2013-10-09,144605.3989,119404.1048
2013-10-10,148284.9037,122010.2187
2013-10-11,149247.7648,122905.8922
2013-10-14,149759.2847,123423.3355
2013-10-15,147799.1747,122348.5116
2013-10-16,150337.0014,124008.7036
2013-10-17,150692.9161,123991.1218
2013-10-18,150790.9216,124216.976
2013-10-21,150550.2063,124156.8811
2013-10-22,151427.0977,124765.5577
2013-10-23,150103.1637,124327.3194
2013-10-24,150465.0963,125100.7076
2013-10-25,150821.011,125593.3142
2013-10-28,150790.9216,125582.4201
2013-10-29,151299.0028,126481.1578
2013-10-30,149879.6424,125984.3605
2013-10-31,148722.4897,125395.4476
2013-11-01,148832.5309,125958.4683
2013-11-04,147944.4635,126148.5916
2013-11-05,147656.4649,125980.0044
2013-11-06,148057.0839,127017.8056
2013-11-07,147085.6259,125784.4852
2013-11-08,148900.447,127137.9955
2013-11-11,149144.6011,127309.9619
2013-11-12,147189.6492,127048.3769
2013-11-13,147996.9051,127620.7556
2013-11-14,149002.751,128061.0893
2013-11-15,149845.2545,128750.5936
2013-11-18,149424.0028,128866.0966
2013-11-19,149381.0179,128793.5872
2013-11-20,148280.6052,128259.5231
2013-11-21,150121.2173,129140.1117
2013-11-22,150318.088,129581.9736
2013-11-25,148995.0138,129644.6523
2013-11-26,150309.4911,129646.7476
2013-11-27,150124.6561,129844.6142
2013-11-29,150232.1183,129756.5317
2013-12-02,148676.066,129130.2653
2013-12-03,147980.5708,128370.8354
2013-12-04,149157.4966,128170.385
2013-12-05,148727.6479,127619.7867
2013-12-06,150395.4608,129222.4675
2013-12-09,151048.8308,129265.4611
2013-12-10,149131.7056,128842.788
2013-12-11,147549.8624,127797.409
2013-12-12,147438.1018,126957.7107
2013-12-13,147094.2228,127086.211
2013-12-16,147127.751,128128.447
2013-12-17,146509.6286,128053.3461
2013-12-18,149802.2696,130414.4092
2013-12-19,150145.2889,130504.0277
2013-12-20,150962.8611,130843.2895
2013-12-23,151219.0509,131435.9204
2013-12-24,151315.337,131943.6039
2013-12-26,152080.4677,132930.3531
2013-12-27,152303.989,132918.4901
2013-12-30,152225.7565,133127.2351
2013-12-31,152940.1651,133710.9963
2014-01-02,151581.8432,132619.5516
2014-01-03,151595.5983,132850.5732
2014-01-06,150017.1939,132488.4755
2014-01-07,149754.9862,133342.203
2014-01-08,148971.8019,132792.0931
2014-01-09,148697.5585,132647.0587
2014-01-10,148332.1871,132584.8763
2014-01-13,146916.2655,131140.1327
2014-01-14,148082.8748,132075.1684
2014-01-15,149299.3466,132946.9582
2014-01-16,148532.4966,132423.221
2014-01-17,148168.8446,132758.3788
2014-01-21,148297.7992,132402.4883
2014-01-22,148637.3796,132070.9698
2014-01-23,146415.0619,130651.3938
2014-01-24,144859.0096,128084.4058
2014-01-27,144609.6974,127751.8317
2014-01-28,145471.1142,128483.2741
2014-01-29,145072.2146,126952.5512
2014-01-30,146535.4195,127838.386
2014-01-31,145728.1637,126630.3829
2014-02-03,142077.8886,124000.3932
2014-02-04,141692.7442,124584.7137
2014-02-05,141054.8487,124544.3038
2014-02-06,142709.7662,126063.1716
2014-02-07,145297.4553,127398.5328
2014-02-10,145392.022,127460.7231
2014-02-11,146591.2999,129017.3382
2014-02-12,146268.9133,128768.6639
2014-02-13,148058.8033,129282.0741
2014-02-14,148233.3219,130304.8693
2014-02-18,148118.9821,130111.3666
2014-02-19,146217.3315,129386.6908
2014-02-20,146014.4429,130134.1947
2014-02-21,146251.7194,129892.7673
2014-02-24,146153.7139,130730.3624
2014-02-25,146768.3975,130508.7068
2014-02-26,146555.1926,130659.9484
2014-02-27,147635.8322,131258.7865
2014-02-28,149336.3136,131654.5118
2014-03-03,150017.1939,130414.8976
2014-03-04,153016.6781,132252.7906
2014-03-05,153589.2366,131964.8171
2014-03-06,156615.3714,132462.5911
2014-03-07,157988.3081,132711.2733
2014-03-10,160247.5928,132436.691
2014-03-11,160850.2407,131892.7883
2014-03-12,161408.1843,131802.6892
2014-03-13,159688.7895,129937.8562
2014-03-14,158063.9615,129589.2364
2014-03-17,159087.0014,131053.6571
2014-03-18,158923.6589,131771.3145
2014-03-19,158063.9615,130851.5999
2014-03-20,160367.9505,131729.849
2014-03-21,161494.1541,131501.7341
2014-03-24,160350.7565,131291.3743
2014-03-25,160408.3563,132026.9286
2014-03-26,158648.5557,131229.2629
2014-03-27,159215.956,131190.8695
2014-03-28,159172.1114,131665.398
2014-03-31,161064.3054,132751.1161
2014-04-01,160946.5268,133355.673
2014-04-02,160556.2242,133681.4727
2014-04-03,160150.447,133677.8492
2014-04-04,159691.3686,132388.5457
2014-04-07,158786.1073,131042.7709
2014-04-08,158734.5254,131125.6072
2014-04-09,159815.1651,132585.9161
2014-04-10,157670.2201,130432.5582
2014-04-11,157117.4347,129275.2997
2014-04-14,157506.8776,130456.9222
2014-04-15,159594.2228,131177.3917
2014-04-16,162396.8363,132486.459
2014-04-17,163891.8501,132354.8945
2014-04-21,162897.1802,132683.2779
2014-04-22,163961.4856,133208.5432
2014-04-23,164030.2613,133105.951
2014-04-24,163772.3521,133105.951
2014-04-25,163932.2558,131975.1441
2014-04-28,164546.0798,132679.166
2014-04-29,165530.4333,133377.9339
2014-04-30,166158.0124,133744.7106
2014-05-01,166335.9697,133567.49
2014-05-02,165281.121,133196.6172
2014-05-05,163161.967,133339.0679
2014-05-06,161085.7978,132294.2403
2014-05-07,164675.0344,133242.1787
2014-05-08,163428.4732,133503.7795
2014-05-09,164101.6162,133764.8761
2014-05-12,164301.066,134669.3484
2014-05-13,164912.3109,134830.4207
2014-05-14,164563.2737,134011.9514
2014-05-15,162801.7538,132663.6007
2014-05-16,163523.0399,133022.5475
2014-05-19,163686.3824,133188.2989
2014-05-20,162655.6052,132078.7919
2014-05-21,163321.011,133359.3122
2014-05-22,163802.4415,133440.132
2014-05-23,163518.7414,133949.832
2014-05-27,164460.11,134508.2603
2014-05-28,164508.2531,134166.8953
2014-05-29,165319.8074,134695.7211
2014-05-30,165061.8982,134844.3791
2014-06-02,164845.2545,135057.8188
2014-06-03,163700.9972,134886.0808
2014-06-04,164001.0316,135008.6023
2014-06-05,165147.868,135803.7709
2014-06-06,165831.3274,136514.9689
2014-06-09,164990.5433,136666.7777
2014-06-10,165324.9656,136689.527
2014-06-11,165368.8102,135866.4574
2014-06-12,164159.216,134981.6623
2014-06-13,162929.8487,135316.8201
2014-06-16,162697.7304,135359.3253
2014-06-17,162474.2091,135580.9888
2014-06-18,163922.7992,136372.5182
2014-06-19,163764.6149,136492.2354
2014-06-20,163772.3521,136698.8851
2014-06-23,163256.5337,136619.6723
2014-06-24,163489.5117,135658.7522
2014-06-25,163909.9037,136057.0534
2014-06-26,163837.6891,135884.6064
2014-06-27,163823.0743,135930.6563
2014-06-30,163256.5337,135727.063
2014-07-01,163772.3521,136771.4023
2014-07-02,164631.1898,136934.0973
2014-07-03,166437.414,137676.3472
2014-07-07,165921.5956,137321.0396
2014-07-08,165405.7772,136372.5182
2014-07-09,165955.9835,137009.6709
2014-07-10,165491.7469,136440.6872
2014-07-11,165835.6259,136672.5123
2014-07-14,166248.2806,137572.7781
2014-07-15,165729.0234,137615.2046
2014-07-16,165123.7964,138240.4942
2014-07-17,163180.0206,136938.6976
2014-07-18,165480.5708,137933.8203
2014-07-21,165947.3865,137543.0182
2014-07-22,165612.1045,138041.5799
2014-07-23,165238.1362,137824.5324
2014-07-24,165441.0248,137801.7044
2014-07-25,164394.773,136807.7003
2014-07-28,165560.5227,136985.3147
2014-07-29,164338.033,136416.8037
2014-07-30,164817.7442,136160.7012
2014-07-31,161729.7111,133603.2366
2014-08-01,162722.6616,133039.1526
2014-08-04,167043.5007,133651.4607
2014-08-05,165490.8872,132523.7337
2014-08-06,166523.3838,132635.6053
2014-08-07,166782.1527,132030.0716
2014-08-08,168718.1912,133527.6473
2014-08-11,170220.0825,133657.1165
2014-08-12,171562.9298,133580.96
2014-08-13,171603.3356,134317.0971
2014-08-14,174389.6149,134815.4226
2014-08-15,172994.326,134406.7078
2014-08-18,174019.0853,135824.992
2014-08-19,174174.6905,136477.1428
2014-08-20,173992.4347,136957.4137
2014-08-21,176374.6561,137444.2858
2014-08-22,174975.9285,137135.5953
2014-08-25,175876.0316,137745.7923
2014-08-26,175874.3122,137986.4083
2014-08-27,176015.3026,138109.9065
2014-08-28,175412.6547,137767.5805
2014-08-29,176994.4979,137919.8619
2014-09-02,177733.8377,137670.7071
2014-09-03,177474.2091,137757.1669
2014-09-04,177802.6135,137686.9971
2014-09-05,177699.4498,138233.7198
2014-09-08,178129.2985,138024.4865
2014-09-09,176500.1719,137237.6204
2014-09-10,177742.4347,137679.9864
2014-09-11,177828.4044,137520.9936
2014-09-12,176783.8721,137024.9998
2014-09-15,178051.9257,137376.936
2014-09-16,178597.8336,138190.2536
2014-09-17,179676.7538,138390.9324
2014-09-18,182320.3232,139271.2847
2014-09-19,182255.8459,139382.1953
2014-09-22,179590.784,138518.6213
2014-09-23,179199.6217,137576.4016
2014-09-24,180407.4966,138820.1435
2014-09-25,177097.6616,136688.566
2014-09-26,178931.3961,138038.4448
2014-09-29,178233.3219,137700.2307
2014-09-30,177871.3893,137471.7928
2014-10-01,176113.3081,135550.5042
2014-10-02,177312.586,135520.9806
2014-10-03,179461.8294,137203.9061
2014-10-06,179319.9794,137060.4944
2014-10-07,176268.0536,134862.2917
2014-10-08,180493.4663,137079.1318
2014-10-09,176968.707,134377.1842
2014-10-10,176366.9188,133448.3557
2014-10-13,176163.1706,131649.3523
2014-10-14,177119.1541,131601.9238
2014-10-15,175206.3274,130202.8363
2014-10-16,173658.8721,130005.2139
2014-10-17,176672.1114,132128.0005
2014-10-20,176968.707,132283.354
2014-10-21,179100.7565,134018.7258
2014-10-22,177549.0028,132780.6397
2014-10-23,178910.7634,134527.6224
2014-10-24,179892.5378,135556.1442
2014-10-27,179867.6066,135657.2083
2014-10-28,181026.4787,137172.1296
2014-10-29,180192.5722,136918.532
2014-10-30,179702.5447,138702.049
2014-10-31,180536.4512,140275.7655
2014-11-03,181482.1183,140079.9233
2014-11-04,183115.5433,140221.8857
2014-11-05,184108.4938,141034.069
2014-11-06,184662.9986,141598.2318
2014-11-07,184809.1472,141755.1923
2014-11-10,186984.1816,142076.3129
2014-11-11,186856.9464,142085.671
2014-11-12,187500.8597,142063.8827
2014-11-13,188531.6369,142391.2894
2014-11-14,187433.8033,142245.7035
2014-11-17,187878.2669,142350.6432
2014-11-18,188160.2476,142673.8592
2014-11-19,187881.7056,142657.002
2014-11-20,187628.9546,142925.3614
2014-11-21,189077.5447,143659.8758
2014-11-24,190037.8267,143723.1137
2014-11-25,190616.403,143699.2302
2014-11-26,191206.1554,143802.5629
2014-11-28,191768.3975,143806.5172
2014-12-01,191304.1609,143391.5952
2014-12-02,193431.912,144220.3994
2014-12-03,192989.1678,144487.1361
2014-12-04,193616.7469,144386.1508
2014-12-05,193982.1183,144859.5528
2014-12-08,195839.0646,144002.0443
2014-12-09,193719.0509,143588.3984
2014-12-10,192271.3205,141426.2575
2014-12-11,193259.9725,141935.9575
2014-12-12,188273.7276,139390.9862
2014-12-15,188336.4856,138584.4429
2014-12-16,187809.4911,137681.2625
2014-12-17,191540.5777,140004.334
2014-12-18,197128.6107,143402.4815
2014-12-19,195912.9986,143617.4494
2014-12-22,195770.2889,144864.799
2014-12-23,195692.9161,145386.9293
2014-12-24,194734.3535,145435.6574
2014-12-26,194721.458,145625.2136
2014-12-29,196152.8542,145500.3447
2014-12-30,196230.227,145055.4108
2014-12-31,194291.6094,143764.8155
2015-01-02,192228.3356,143844.8318
2015-01-05,189975.9285,141172.1715
2015-01-06,189520.2889,140123.4841
2015-01-07,192125.1719,141840.6123
2015-01-08,194876.2036,144448.8215
2015-01-09,193152.5103,143073.5309
2015-01-12,191217.3315,142294.9043
2015-01-13,191712.5172,142075.8245
2015-01-14,190747.9367,140570.7497
2015-01-15,190431.5681,139712.674
2015-01-16,192241.2311,141252.1878
2015-01-20,191399.5873,141281.7114
2015-01-21,189902.8542,141596.6879
2015-01-22,193358.8377,143691.4948
2015-01-23,192358.1499,142551.0856
2015-01-26,192730.3989,142600.2864
2015-01-27,190432.4278,140249.0776
2015-01-28,186691.8845,138669.3745
2015-01-29,189131.7056,140488.1497
2015-01-30,185578.5763,138456.2656
2015-02-02,189219.3948,140037.9695
2015-02-03,191010.1444,142501.0813
2015-02-04,190016.3343,142554.4728
2015-02-05,193053.6451,144263.393
2015-02-06,193328.7483,143774.6462
2015-02-09,192572.2146,143007.7251
2015-02-10,193552.2696,144133.3567
2015-02-11,192910.0757,144079.9652
2015-02-12,192967.6754,144969.1873
2015-02-13,191329.9519,145348.0476
2015-02-17,191970.4264,145575.7608
2015-02-18,191540.5777,145432.7429
2015-02-19,190418.6726,145077.1833
2015-02-20,191798.4869,146324.785
2015-02-23,189993.1224,146134.4253
2015-02-24,192060.6946,146879.3376
2015-02-25,191587.8611,147003.403
2015-02-26,191067.7442,146921.5277
2015-02-27,190147.868,146262.3505
2015-03-02,189447.2146,147520.1295
2015-03-03,188273.7276,146832.3897
2015-03-04,187080.4677,145973.5893
2015-03-05,188703.5763,146286.7225
2015-03-06,188111.2448,144036.7196
2015-03-09,189563.2737,145157.4516
2015-03-10,186898.2118,142473.1647
2015-03-11,186984.1816,142250.9497
2015-03-12,189045.7359,144346.7964
2015-03-13,186655.7772,143169.8529
2015-03-16,188705.2957,145009.8335
2015-03-17,187929.8487,143974.616
2015-03-18,188874.6561,145806.5303
2015-03-19,187414.0303,144861.4906
2015-03-20,187671.9395,146221.6256
2015-03-23,187969.3948,146127.966
2015-03-24,186558.6314,145281.8321
2015-03-25,186554.3329,142921.6434
2015-03-26,185900.9629,142596.5054
2015-03-27,186554.3329,142874.2228
2015-03-30,188875.5158,145000.885
2015-03-31,186984.1816,143386.097
2015-04-01,185952.5447,142757.4202
2015-04-02,186124.4842,143282.2129
2015-04-06,185931.0523,144230.876
2015-04-07,185264.7868,144187.079
2015-04-08,184687.0702,144405.5916
2015-04-09,185284.5598,144859.0802
2015-04-10,185016.3343,145656.9901
2015-04-13,185651.6506,145006.7614
2015-04-14,184336.3136,145487.9933
2015-04-15,184555.5365,146100.3014
2015-04-16,184276.1348,146045.1297
2015-04-17,183100.0688,143790.8732
2015-04-20,184061.2105,145473.7199
2015-04-21,183493.8102,144785.3499
2015-04-22,184653.542,145500.6598
2015-04-23,184611.4168,145665.3714
2015-04-24,184396.4924,145838.4013
2015-04-27,182758.7689,145498.2494
2015-04-28,184963.8927,146080.3879
2015-04-29,184319.1197,145478.5565
2015-04-30,183459.4223,143905.5647
2015-05-01,185522.696,145386.047
2015-05-04,188523.0399,145759.8344
2015-05-05,187414.0303,144612.8084
2015-05-06,186227.6479,143917.349
2015-05-07,188033.0124,144579.425
2015-05-08,191609.3535,146733.4997
2015-05-11,188746.5612,146040.2931
2015-05-12,187242.0908,145742.3314
2015-05-13,186726.2724,145679.8969
2015-05-14,188505.8459,147226.5947
2015-05-15,187964.2366,147390.5028
2015-05-18,188381.1898,147602.8083
2015-05-19,189477.304,147711.781
2015-05-20,188725.9285,147494.0718
2015-05-21,187654.7455,147496.8131
2015-05-22,186554.3329,147063.4901
2015-05-26,185436.7263,145527.0326
2015-05-27,186932.5997,146506.6845
2015-05-28,187052.9574,146209.2742
2015-05-29,184662.9986,145278.1141
2015-06-01,185178.8171,145517.5957
2015-06-02,184680.1926,145288.2756
2015-06-03,184491.0591,145807.1762
2015-06-04,182758.7689,144430.3574
2015-06-05,181877.5791,143977.6881
2015-06-08,180536.4512,143308.9165
2015-06-09,180278.542,143288.6564
2015-06-10,181740.0275,145195.199
2015-06-11,182204.2641,145509.5295
2015-06-12,181189.8212,144375.9892
2015-06-15,179934.663,143507.4999
2015-06-16,180330.1238,144421.4877
2015-06-17,180665.4058,144673.6359
2015-06-18,184018.2256,146126.3591
2015-06-19,182427.7854,145320.6193
2015-06-22,182754.4704,146158.1356
2015-06-23,182169.8762,146354.0723
2015-06-24,180966.2999,144918.285
2015-06-25,180192.5722,144307.5839
2015-06-26,180450.4814,144761.876
2015-06-29,176237.9642,141936.0363
2015-06-30,176109.0096,142122.8512
2015-07-01,177411.4512,143239.2193
2015-07-02,177031.4649,143014.9721
2015-07-06,176667.8129,142639.6565
2015-07-07,178946.011,143392.4775
2015-07-08,177257.5653,141283.2396
2015-07-09,178593.5351,141551.0318
2015-07-10,180364.5117,143259.3848
2015-07-13,182015.1307,145011.9288
2015-07-14,182055.5365,145624.1581
2015-07-15,183803.3012,145596.651
2015-07-16,185651.6506,146161.9324
2015-07-17,185660.2476,145889.2878
2015-07-20,186107.2902,146001.8998
2015-07-21,185519.2572,144540.9371
2015-07-22,185161.6231,143990.4176
2015-07-23,183562.586,143029.5763
2015-07-24,182283.3563,141711.6315
2015-07-27,181159.7318,140679.6437
2015-07-28,184913.1706,142209.6419
2015-07-29,184250.3439,143186.6313
2015-07-30,184615.7153,143142.9918
2015-07-31,183975.2407,142690.3067
2015-08-03,183545.392,141950.9556
2015-08-04,184104.1953,141567.7314
2015-08-05,185007.7373,141485.3047
2015-08-06,185393.7414,140511.5449
2015-08-07,185232.978,140137.5212
2015-08-10,185092.8473,142087.8451
2015-08-11,184405.0894,140375.1438
2015-08-12,183115.5433,140372.4814
2015-08-13,183274.5873,140418.7834
2015-08-14,183958.9065,140976.5657
2015-08-17,183373.4525,141523.2884
2015-08-18,182341.8157,141250.3288
2015-08-19,181103.8514,139938.6857
2015-08-20,178698.4182,137050.6479
2015-08-21,174088.7208,132767.9732
2015-08-24,168504.9862,128021.8059
2015-08-25,166953.2325,126368.9633
2015-08-26,172369.326,131362.513
2015-08-27,176186.3824,134341.0437
2015-08-28,176533.7001,134246.1869
2015-08-31,174115.3714,133318.7291
2015-09-01,170343.879,129530.1891
2015-09-02,171389.271,131893.8359
2015-09-03,171651.4787,132082.4232
2015-09-04,168931.3961,129885.347
2015-09-08,172455.2957,133033.5913
2015-09-09,169252.923,131104.8824
2015-09-10,169909.7318,131724.6107
2015-09-11,170502.923,132552.9265
2015-09-14,169874.4842,132051.7732
2015-09-15,171341.9876,133898.0475
2015-09-16,171436.5543,135028.1219
2015-09-17,170306.0523,134502.1318
2015-09-18,165233.8377,132161.636
2015-09-21,169379.2985,133174.8289
2015-09-22,167972.8336,131725.17
2015-09-23,167193.088,131317.1799
2015-09-24,166609.3535,130683.4223
2015-09-25,167314.3054,131597.7253
2015-09-28,166183.8033,129074.7706
2015-09-29,166455.4677,129455.8208
2015-09-30,167847.3177,131355.9829
2015-10-01,168276.3067,131253.6191
2015-10-02,168070.8391,132869.762
2015-10-05,170702.3728,135322.3814
2015-10-06,169119.6699,135433.3707
2015-10-07,171079.7799,136418.2531
2015-10-08,172469.0509,137535.1095
2015-10-09,171638.5832,137807.2657
2015-10-12,171939.4773,138189.3556
2015-10-13,170716.9876,137786.2967
2015-10-14,169273.5557,136518.7657
2015-10-15,172368.4663,138269.1356
2015-10-16,172342.6754,138867.8162
2015-10-19,172536.967,138985.3277
2015-10-20,173211.8294,138877.0009
2015-10-21,171853.5076,138485.7892
2015-10-22,177114.8556,141071.4225
2015-10-23,177599.7249,142342.1673
2015-10-26,176564.6492,142151.4138
2015-10-27,174759.2847,141815.6889
2015-10-28,177905.7772,143413.5253
2015-10-29,177800.0344,143222.2046
2015-10-30,175890.6465,142478.0012
2015-11-02,178597.8336,143810.7079
2015-11-03,177702.8886,144531.7524
2015-11-04,177200.8253,144123.8411
2015-11-05,175974.8968,144090.3631
2015-11-06,174604.5392,144468.672
2015-11-09,172799.1747,143017.9654
2015-11-10,173447.3865,143241.6455
2015-11-11,173964.0646,142790.0159
2015-11-12,171398.7276,140739.9828
2015-11-13,170069.6355,139103.9106
2015-11-16,171767.5378,141021.8121
2015-11-17,171978.1637,141074.1638
2015-11-18,175618.9821,143071.8452
2015-11-19,176152.8542,143036.2719
2015-11-20,175894.0853,143770.7864
2015-11-23,175188.2737,143519.678
2015-11-24,174828.0605,143677.0481
2015-11-25,173903.8858,143686.737
2015-11-27,173335.6259,143686.737
2015-11-30,173108.6657,142932.7817
2015-12-01,176190.6809,144291.3727
2015-12-02,174458.3906,143011.5061
2015-12-03,170908.7001,140978.7398
2015-12-04,175808.1155,143962.9263
2015-12-07,174948.4182,143018.2017
2015-12-08,172029.7455,141707.3621
2015-12-09,169927.7854,141096.7555
2015-12-10,169794.5323,141761.8091
2015-12-11,168291.7813,139264.9987
2015-12-14,170254.4704,140098.1511
2015-12-15,174037.1389,141359.7899
2015-12-16,175206.3274,143168.0727
2015-12-17,172799.1747,141125.3024
2015-12-18,167400.2751,138162.6678
2015-12-21,169189.3054,139155.3643
2015-12-22,171664.3741,140491.5369
2015-12-23,171939.4773,141986.5289
2015-12-24,172916.9532,141579.6732
2015-12-28,171832.8748,141386.8874
2015-12-29,171982.4622,142941.3363
2015-12-30,172009.1128,141996.6905
2015-12-31,170048.1431,140554.1289
2016-01-04,168754.2985,138327.1273
2016-01-05,169360.3851,138405.5366
2016-01-06,169717.1596,136371.636
2016-01-07,168139.6149,133206.3691
2016-01-08,166695.3232,131854.072
2016-01-11,165973.1774,132274.4843
2016-01-12,166781.293,133223.4783
2016-01-13,163772.3521,130280.836
2016-01-14,165276.8226,132117.0276
2016-01-15,163342.5034,128963.3796
2016-01-19,164803.989,129188.7454
2016-01-20,162027.1664,127178.0036
2016-01-21,162873.9684,128113.1968
2016-01-22,164542.641,129813.7987
2016-01-25,160764.271,128133.6853
2016-01-26,163033.0124,130408.4462
2016-01-27,162561.0385,128611.5301
2016-01-28,161881.0179,129621.2571
2016-01-29,167090.784,132820.8132
2016-02-01,167433.8033,132682.7107
2016-02-02,163258.2531,130298.0161
2016-02-03,163223.0055,131775.1034
2016-02-04,165233.8377,132419.7551
2016-02-05,164047.4553,130712.8593
2016-02-08,164421.4237,129277.718
2016-02-09,165607.8061,129175.5196
2016-02-10,163789.5461,128371.8042
2016-02-11,163342.5034,126318.4627
2016-02-12,166780.4333,128848.5147
2016-02-16,166321.3549,130643.8159
2016-02-17,168417.2971,132720.2218
2016-02-18,168522.1802,132394.3433
2016-02-19,169626.8913,132221.408
2016-02-22,170778.8858,134065.91
2016-02-23,168932.2558,132542.3553
2016-02-24,168939.9931,132971.5665
2016-02-25,170992.9505,134684.0157
2016-02-26,170384.2847,134221.6731
2016-02-29,174136.0041,133225.7312
2016-03-01,176667.8129,136037.455
2016-03-02,176667.8129,136313.6443
2016-03-03,177097.6616,136673.237
2016-03-04,178769.773,137180.3534
2016-03-07,179246.9051,137722.2395
2016-03-08,178807.5997,136836.1684
2016-03-09,179891.6781,137128.6476
2016-03-10,179779.9175,137086.4733
2016-03-11,181911.967,138846.3587
2016-03-14,180794.3604,138973.9689
2016-03-15,181456.3274,139154.6396
2016-03-16,180708.3906,139753.3989
2016-03-17,183631.3618,141009.5552
2016-03-18,183399.2435,141984.0398
2016-03-21,183373.4525,142158.0149
2016-03-22,183459.4223,141824.8894
2016-03-23,181714.2366,141179.7493
2016-03-24,180992.0908,141285.7445
2016-03-28,182363.3081,141444.3277
2016-03-29,182943.6039,142232.5487
2016-03-30,184005.3301,142906.4877
2016-03-31,183502.4072,142651.8346
2016-04-01,185471.1142,143520.2452
2016-04-04,184886.5199,143070.5534
2016-04-05,182548.1431,141992.2635
2016-04-06,183106.9464,142901.5723
2016-04-07,181740.8872,141497.3253
2016-04-08,182002.2352,141779.643
2016-04-11,181963.5488,141613.8759
2016-04-12,183717.3315,142943.5104
2016-04-13,185806.3961,144452.1299
2016-04-14,185350.7565,144598.535
2016-04-15,184929.5048,144364.8667
2016-04-18,186253.4388,145225.5261
2016-04-19,188273.7276,145624.3156
2016-04-20,188211.8294,145968.5006
2016-04-21,186949.7937,145050.968
2016-04-22,188306.3961,145222.2177
2016-04-25,188512.7235,145008.3841
2016-04-26,189425.7221,145113.8909
2016-04-27,190362.7923,145527.1271
2016-04-28,188376.8913,143826.8403
2016-04-29,188273.7276,143366.1047
2016-05-02,189350.9285,144314.0432
2016-05-03,186858.6657,143182.7557
2016-05-04,186137.3796,142378.9537
2016-05-05,185591.4718,142455.189
2016-05-06,186554.3329,143099.8407
2016-05-09,184344.9106,142819.7758
2016-05-10,186532.8404,144614.0215
2016-05-11,184377.5791,142861.7926
2016-05-12,184714.5805,142937.4607
2016-05-13,182376.2036,141443.7605
2016-05-16,182711.4856,142858.5
2016-05-17,181133.9409,141400.6882
2016-05-18,182427.7854,141373.575
2016-05-19,181550.8941,140637.7844
2016-05-20,182971.9739,141166.4369
2016-05-23,182436.3824,141101.8284
2016-05-24,185393.7414,142820.9101
2016-05-25,185853.6795,143994.2144
2016-05-26,184491.0591,143806.9111
2016-05-27,184235.729,144169.3396
2016-05-31,181993.6382,143475.4713
2016-06-01,182565.337,143495.4006
2016-06-02,182561.0385,143889.7631
2016-06-03,181924.8624,143635.6772
2016-06-06,183012.3796,144549.3342
2016-06-07,182436.3824,144694.1166
2016-06-08,183545.392,145232.7101
2016-06-09,183296.0798,145072.5042
2016-06-10,182790.5777,144105.7708
2016-06-13,181783.0124,143034.0978
2016-06-14,182316.0248,142568.9983
2016-06-15,180579.436,142289.5006
2016-06-16,183115.5433,143039.0919
2016-06-17,181568.088,142571.7395
2016-06-20,182797.4553,143618.0008
2016-06-21,185196.011,143818.5378
2016-06-22,185923.315,143424.0964
2016-06-23,188144.773,145281.2649
2016-06-24,180409.216,140358.2867
2016-06-27,178817.0564,138256.9575
2016-06-28,180880.3301,140430.6464
2016-06-29,182810.3508,142729.1884
2016-06-30,186532.8404,144627.2551
2016-07-01,185950.8253,144783.5697
2016-07-05,183081.1554,143906.3682
2016-07-06,183648.5557,144535.5334
2016-07-07,182686.5543,144352.1214
2016-07-08,184594.2228,146375.6084
2016-07-11,185543.3287,147022.4343
2016-07-12,186597.3177,147996.3516
2016-07-13,188230.7428,148193.5644
2016-07-14,187922.1114,149276.7853
2016-07-15,188265.1307,149358.5819
2016-07-18,189047.4553,149491.6745
2016-07-19,189361.2448,149701.0654
2016-07-20,188434.4911,149991.6069
2016-07-21,185965.4402,149364.0644
2016-07-22,186386.6919,149796.5682
2016-07-25,185698.934,149169.1045
2016-07-26,186038.5144,149013.3413
2016-07-27,185952.5447,149000.5961
2016-07-28,186262.0358,148872.9859
2016-07-29,185694.6355,148678.5144
2016-08-01,185660.2476,148454.8343
2016-08-02,184748.9684,147722.9036
2016-08-03,185092.8473,148055.4776
2016-08-04,184688.7895,148031.6886
2016-08-05,187422.6272,149576.1965
2016-08-08,187671.9395,149461.3316
2016-08-09,189653.542,149491.6745
2016-08-10,189133.425,149190.0735
2016-08-11,190758.2531,150140.7532
2016-08-12,190637.8955,149841.9092
2016-08-15,190848.5213,150322.4952
2016-08-16,189825.4814,149644.6806
2016-08-17,192477.6479,149821.4915
2016-08-18,191884.4567,150013.1431
2016-08-19,191746.9051,149649.1233
2016-08-22,191236.2448,149462.3872
2016-08-23,192142.3659,149606.6181
2016-08-24,191561.2105,149075.697
2016-08-25,191711.6575,148808.9446
2016-08-26,190887.2077,148381.3561
2016-08-29,192056.3961,149249.1995
2016-08-30,193302.9574,148856.4596
2016-08-31,194085.282,148425.5628
2016-09-01,193732.8061,148574.1419
2016-09-02,194334.5942,149160.2348
2016-09-06,194161.795,149532.557
2016-09-07,192769.945,149435.9357
2016-09-08,193208.3906,149063.0305
2016-09-09,189227.9917,145881.2216
2016-09-12,192159.5598,147814.0582
2016-09-13,188402.6823,145730.3896
2016-09-14,187938.4457,145472.4281
2016-09-15,189424.8624,146905.8837
2016-09-16,187757.9092,146190.5738
2016-09-19,187414.0303,146161.2864
2016-09-20,187302.2696,146240.2629
2016-09-21,188651.9945,147561.012
2016-09-22,189133.425,148357.6458
2016-09-23,187199.1059,147300.8764
2016-09-26,185832.1871,145956.8897
2016-09-27,187379.6424,147033.4938
2016-09-28,187151.8226,147928.3559
2016-09-29,185092.8473,146349.0624
2016-09-30,185883.7689,147677.5784
2016-10-03,185436.7263,147239.5763
2016-10-04,184422.2834,146550.7179
2016-10-05,185952.5447,147458.8136
2016-10-06,185574.2779,147357.7496
2016-10-07,186244.8418,147131.8166
2016-10-10,187181.912,147846.071
2016-10-11,185625.8597,146229.7705
2016-10-12,186752.0633,146355.112
2016-10-13,184542.641,145990.0368
2016-10-14,186012.7235,146308.1799
2016-10-17,185888.0674,145888.894
2016-10-18,185952.5447,146498.2087
2016-10-19,186855.227,146826.34
2016-10-20,186532.8404,146501.5171
2016-10-21,185350.7565,146367.3059
2016-10-24,185264.7868,146990.9728
2016-10-25,185049.8624,146557.3347
2016-10-26,185557.0839,146799.8097
2016-10-27,186399.5873,146560.6431
2016-10-28,185866.575,146492.159
2016-10-31,185436.7263,146340.7598
2016-11-01,185153.0261,145491.223
2016-11-02,184748.9684,144866.4217
2016-11-03,184835.7978,144632.7377
2016-11-04,184443.7758,144290.8055
2016-11-07,189393.9133,147285.957
2016-11-08,190410.0757,147875.9255
2016-11-09,195267.3659,149948.5345
2016-11-10,200954.2641,151708.5145
2016-11-11,201908.5282,152029.3831
2016-11-14,203447.3865,152199.01
2016-11-15,202888.5832,152637.5793
2016-11-16,202432.9436,152194.5831
2016-11-17,204221.1142,152482.3833
2016-11-18,203224.7249,152192.8816
2016-11-21,204178.1293,152908.8375
2016-11-22,204436.8982,153450.7236
2016-11-23,203808.4594,153929.1356
2016-11-25,203821.3549,154485.3897
2016-11-28,202372.7648,154047.876
2016-11-29,203224.7249,154239.0391
2016-11-30,203748.2806,154255.014
2016-12-01,206173.4869,154806.3371
2016-12-02,205527.8542,154632.8345
2016-12-05,206327.3728,155002.4313
2016-12-06,207905.7772,155289.0972
2016-12-07,211812.2421,157691.5391
2016-12-08,211588.7208,158217.3873
2016-12-09,212508.597,159363.1057
2016-12-12,213969.2228,159682.3674
2016-12-13,214675.8941,160608.2182
2016-12-14,212448.4182,159650.9059
2016-12-15,213437.9298,160132.5475
2016-12-16,211833.7345,160061.3222
2016-12-19,213488.652,160381.151
2016-12-20,214099.8968,161119.6828
2016-12-21,213747.4209,160856.2545
2016-12-22,214064.6492,160670.0855
2016-12-23,213204.9519,160790.5117
2016-12-27,212603.1637,160881.0834
2016-12-28,210909.5598,159982.8341
2016-12-29,210196.011,159870.7105
2016-12-30,209870.1857,159409.4865
2017-01-01,209870.1857,159409.4865
2017-01-03,211356.6025,160370.6586
2017-01-04,212001.3755,160857.8615
2017-01-05,210498.6245,160512.0538
2017-01-06,210964.5805,161032.4195
2017-01-09,209001.8913,160415.9996
2017-01-10,208112.9642,160159.0778
2017-01-11,209044.0165,160955.6171
2017-01-12,208777.5103,160445.1924
2017-01-13,208476.6162,160402.6872
2017-01-17,205610.3851,159927.0952
2017-01-18,206929.1609,159749.2445
2017-01-19,205570.8391,159165.8929
2017-01-20,206568.088,159930.9708
2017-01-23,204693.9477,159709.9532
2017-01-24,207135.4883,160620.3176
2017-01-25,211777.8542,161877.0253
2017-01-26,212895.4608,162138.374
2017-01-27,212345.2545,162080.8549
2017-01-30,211915.4058,161091.5455
2017-01-31,211468.3631,160228.1291
2017-02-01,210995.5296,160444.704
2017-02-02,210049.8624,160396.0703
2017-02-03,211181.2242,161900.8301
2017-02-06,210475.4127,161747.241
2017-02-07,209989.6836,162052.7019
2017-02-08,209895.9766,161762.7276
2017-02-09,211485.5571,162715.03
2017-02-10,211485.5571,163497.2013
2017-02-13,213497.249,164648.9851
2017-02-14,215284.5598,165393.0939
2017-02-15,215775.447,166259.803
2017-02-16,216213.8927,166323.6081
2017-02-17,217364.1678,166358.1416
2017-02-21,218096.63,167317.6122
2017-02-22,218492.9505,167580.5679
2017-02-23,219136.8638,167860.6327
2017-02-24,219257.2215,167952.9059
2017-02-27,219906.293,168079.3817
2017-02-28,221028.1981,167876.1192
2017-03-01,228690.6809,170322.689
2017-03-02,226616.2311,169414.5933
2017-03-03,226237.9642,169436.6966
2017-03-06,225928.4732,169022.326
2017-03-07,225980.055,168783.7266
2017-03-08,225541.6094,168226.9211
2017-03-09,225985.2132,168246.7558
2017-03-10,225662.8267,168608.05
2017-03-13,226091.8157,168434.6262
2017-03-14,225154.7455,168078.8145
2017-03-15,225057.5997,168988.1234
2017-03-16,224311.3824,168862.7031
2017-03-17,222620.3576,168701.9301
2017-03-20,221801.9257,168631.2719
2017-03-21,218063.1018,166712.7245
2017-03-22,218259.9725,166658.6083
2017-03-23,218966.6437,166620.5301
2017-03-24,216902.5103,166137.6912
2017-03-27,215681.74,165768.7404
2017-03-28,217090.784,166982.8641
2017-03-29,214718.879,166642.6334
2017-03-30,216471.8019,167200.5733
2017-03-31,214795.392,166674.0948
2017-04-03,215440.1651,166569.1552
2017-04-04,215397.1802,166883.9741
2017-04-05,213978.6795,166552.5344
2017-04-06,215173.6589,166671.905
2017-04-07,214464.4085,166616.6545
2017-04-10,215267.3659,166632.141
2017-04-11,213721.63,166577.9461
2017-04-12,213144.773,166098.4786
2017-04-13,210625.8597,164980.4248
2017-04-17,212087.3453,166461.9469
2017-04-18,211270.6327,165545.2966
2017-04-19,209806.5681,164587.1178
2017-04-20,212517.1939,165992.4204
2017-04-21,211098.6933,165742.7615
2017-04-24,213935.6946,167486.1206
2017-04-25,215982.6341,169359.327
2017-04-26,216085.7978,169189.7001
2017-04-27,214881.3618,169240.0352
2017-04-28,213015.8184,168910.7696
2017-05-01,213437.0702,168692.5877
2017-05-02,214073.2462,168986.4376
2017-05-03,214924.3466,169051.0462
2017-05-04,214528.8858,168999.1829
2017-05-05,214924.3466,169446.6061
2017-05-08,212482.8061,169489.6784
2017-05-09,211485.5571,169195.2614
2017-05-10,211356.6025,168931.7386
2017-05-11,210832.1871,168740.6542
2017-05-12,210814.9931,168556.6593
2017-05-15,211313.6176,169244.9506
2017-05-16,211228.5076,169227.2899
2017-05-17,209001.0316,166220.0391
2017-05-18,208485.2132,166672.4721
2017-05-19,210548.4869,167816.4261
2017-05-22,213050.2063,168542.3071
2017-05-23,213308.9752,168889.8005
2017-05-24,212757.0495,169490.8127
2017-05-25,213075.9972,170059.7176
2017-05-26,213669.1884,170038.1814
2017-05-30,213291.7813,169628.3481
2017-05-31,213583.2187,169460.4069
2017-06-01,214924.3466,170553.6161
2017-06-02,214632.0495,171054.604
2017-06-05,214924.3466,170875.1306
2017-06-06,214322.5585,170489.4959
2017-06-07,214598.5213,170791.6483
2017-06-08,215186.5543,170862.9525
2017-06-09,219192.7442,171584.4066
2017-06-12,219996.5612,171291.5965
2017-06-13,221114.1678,172040.148
2017-06-14,221071.1829,172411.9189
2017-06-15,219735.2132,172293.6668
2017-06-16,220469.3948,172490.3125
2017-06-19,221217.3315,173657.5828
2017-06-20,219962.1733,173158.6902
2017-06-21,218707.0151,172698.0176
2017-06-22,217176.7538,172595.2521
2017-06-23,216471.8019,172574.8502
2017-06-26,216196.6988,172694.1578
2017-06-27,216050.5502,171896.4842
2017-06-28,218930.5365,173057.6104
2017-06-29,218278.0261,171705.8725
2017-06-30,218964.9243,172210.8305
2017-07-03,221784.7318,173256.5246
2017-07-05,221372.077,173247.6549
2017-07-06,219695.6671,171972.1366
2017-07-07,220753.0949,172732.7875
2017-07-10,219566.7125,172685.8395
2017-07-11,219652.6823,172690.2823
2017-07-12,220082.5309,173682.9945
2017-07-13,220082.5309,173851.9756
2017-07-14,220099.7249,174534.7843
2017-07-17,220254.4704,174470.097
2017-07-18,220168.5007,174026.5336
2017-07-19,221372.077,174559.0617
2017-07-20,221501.8913,174325.3776
2017-07-21,221496.7331,174069.606
2017-07-24,221534.5598,173529.9727
2017-07-25,223014.099,174338.69
2017-07-26,223177.4415,175125.7925
2017-07-27,223271.1486,175815.7852
2017-07-28,224403.37,176088.0989
2017-07-31,225916.4374,176578.5944
2017-08-01,227236.0729,177165.8216
2017-08-02,229307.0839,177587.8487
2017-08-03,230716.9876,177667.3766
2017-08-04,232118.2944,178205.4818
2017-08-07,229526.3067,178412.0526
2017-08-08,227446.6988,178145.2214
2017-08-09,229564.9931,177849.6701
2017-08-10,227476.7882,176198.5998
2017-08-11,226100.4127,176314.0318
2017-08-14,228997.5928,177406.1225
2017-08-15,229362.9642,177448.7064
2017-08-16,230275.1032,177657.4514
2017-08-17,229603.6795,175446.1884
2017-08-18,229863.3081,174831.3754
2017-08-21,230863.1362,175067.2336
2017-08-22,232943.6039,176649.3471
2017-08-23,232487.9642,175941.1267
2017-08-24,230884.6286,175709.7112
2017-08-25,231912.8267,175953.8719
2017-08-28,230428.989,175911.3667
2017-08-29,230476.2724,176370.8892
2017-08-30,232479.3673,176589.1656
2017-08-31,233364.8556,177038.2114
2017-09-01,233031.293,177356.5121
2017-09-05,228459.4223,175466.9999
2017-09-06,228180.8803,175905.2383
2017-09-07,223951.1692,175720.8338
2017-09-08,226616.2311,175825.7734
2017-09-11,229427.4415,177919.6036
2017-09-12,230322.3865,178415.5974
2017-09-13,230785.7634,178732.7637
2017-09-14,230675.7221,179098.1698
2017-09-15,232290.2338,179621.3398
2017-09-18,234250.3439,180129.5904
2017-09-19,236287.8267,180447.8123
2017-09-20,236958.3906,180784.8921
2017-09-21,236072.9023,180354.4836
2017-09-22,234816.8845,180276.7202
2017-09-25,235264.7868,179845.1774
2017-09-26,234525.447,179750.2418
2017-09-27,236365.1994,180205.101
2017-09-28,236219.0509,180531.6884
2017-09-29,236193.26,180724.3954
2017-10-02,239004.4704,181954.5728
2017-10-03,239597.6616,182632.7025
2017-10-04,239571.8707,182793.7906
2017-10-05,241024.7593,183711.3232
2017-10-06,241574.9656,183697.4436
2017-10-09,241651.4787,183595.8124
2017-10-10,242391.6781,184157.297
2017-10-11,241648.0399,184497.7797
2017-10-12,240184.8349,184240.6217
2017-10-13,241446.011,184488.3429
2017-10-16,242400.2751,185175.9094
2017-10-17,241617.9505,185502.418
2017-10-18,241824.2779,186794.3052
2017-10-19,241415.9216,186838.181
2017-10-20,243597.8336,188173.8809
2017-10-23,244324.2779,187732.9013
2017-10-24,244644.0853,189086.4036
2017-10-25,243324.4498,188180.5765
2017-10-26,243131.0179,188756.4921
2017-10-27,242090.784,189025.3398
2017-10-30,242383.0812,188336.0876
2017-10-31,241119.326,188565.9749
2017-11-01,240715.2682,189031.9566
2017-11-02,243667.4691,189687.3371
2017-11-03,241119.326,189872.293
2017-11-06,240861.4168,189946.748
2017-11-07,240165.9216,190017.8158
2017-11-08,237857.6341,190067.2529
2017-11-09,237754.4704,189249.1774
2017-11-10,236984.1816,188928.7185
2017-11-13,237574.7937,189069.7828
2017-11-14,236253.4388,188825.9529
2017-11-15,234465.2682,187711.2706
2017-11-16,234439.4773,189220.2997
2017-11-17,233330.4677,188412.7167
2017-11-20,233841.9876,188994.2093
2017-11-21,236416.7813,190288.8377
2017-11-22,236416.7813,189767.3533
2017-11-24,235915.5777,190023.9442
2017-11-27,237474.2091,190207.7658
2017-11-28,241093.5351,192272.1669
2017-11-29,244927.7854,193110.8017
2017-11-30,250601.7882,195786.1245
2017-12-01,250171.9395,195457.3472
2017-12-04,254031.9807,195928.906
2017-12-05,252841.2999,195046.3796
2017-12-06,252876.5475,194725.9049
2017-12-07,252837.0014,195295.1406
2017-12-08,253082.0151,196244.3709
2017-12-11,254023.3838,196703.0899
2017-12-12,256731.4305,197661.1269
2017-12-13,254625.1719,198311.4974
2017-12-14,254311.3824,197692.2575
2017-12-15,254711.1417,198846.3729
2017-12-18,257359.0096,199979.3461
2017-12-19,255323.2462,199677.2724
2017-12-20,254900.2751,199450.6148
2017-12-21,256361.7607,199899.4086
2017-12-22,254814.3054,199671.7111
2017-12-26,254788.5144,199608.3944
2017-12-27,256292.9849,199834.9733
2017-12-28,257230.055,200344.8309
2017-12-29,255845.9422,199390.6853
2018-01-02,254259.8006,200235.937
2018-01-03,257827.5447,201031.8303
2018-01-04,258352.8198,202261.5351
2018-01-05,259220.2545,204042.0587
2018-01-08,261502.751,203938.2534
2018-01-09,261777.8542,204767.4672
2018-01-10,265087.6891,204633.0039
2018-01-11,266463.205,206291.4157
2018-01-12,270998.1087,208134.2162
2018-01-16,271029.0578,208050.8915
2018-01-17,276366.0591,210654.5951
2018-01-18,275103.1637,209865.3973
2018-01-19,275307.7717,210300.2485
2018-01-22,278596.9739,211452.7413
2018-01-23,277583.3906,211422.1779
2018-01-24,278094.9106,211755.3821
2018-01-25,277553.3012,212890.0567
2018-01-26,280188.2737,214696.2599
2018-01-29,278112.1045,213266.6799
2018-01-30,277682.2558,210341.9502
2018-01-31,278004.6424,210926.7512
2018-02-01,280175.3783,211227.7851
2018-02-02,270237.2765,205857.6988
2018-02-05,254126.5475,196378.1882
2018-02-06,260488.3081,200951.8928
2018-02-07,258768.9133,200795.2474
2018-02-08,247592.8473,192463.7396
2018-02-09,252871.3893,195129.1371
2018-02-12,256997.9367,198439.2651
2018-02-13,255759.9725,198755.2971
2018-02-14,258773.2118,200796.3817
2018-02-15,263066.5406,203271.7347
2018-02-16,263067.4003,203425.0874
2018-02-20,262125.1719,201371.1787
2018-02-21,259224.553,200024.3562
2018-02-22,259116.2311,201352.8722
2018-02-23,261365.1994,204155.9626
2018-02-26,271772.696,207376.6374
2018-02-27,270241.575,204962.8997
2018-02-28,266721.1142,201891.0403
2018-03-01,260441.8845,198501.4632
2018-03-02,260574.2779,197929.4075
2018-03-05,261777.8542,200645.2976
2018-03-06,263931.3961,200720.7924
2018-03-07,263717.3315,200053.2339
2018-03-08,264528.8858,200810.2613
2018-03-09,274759.2847,204363.6678
2018-03-12,273165.4058,203096.2156
2018-03-13,269978.5076,201712.2128
2018-03-14,267069.2916,199704.4486
2018-03-15,267882.5653,200636.4279
2018-03-16,267047.7992,201224.049
2018-03-19,263050.2063,198517.0285
2018-03-20,264013.0674,199455.6089
2018-03-21,264442.9161,199092.9598
2018-03-22,255286.2792,193249.629
2018-03-23,248241.9188,189823.9744
2018-03-26,257479.3673,195223.5056
2018-03-27,253309.8349,192441.5575
2018-03-28,253645.9766,192366.6141
2018-03-29,257135.4883,194420.9954
2018-04-02,252243.8102,190719.2461
2018-04-03,255201.1692,193858.3765
2018-04-04,257780.2613,195721.2009
2018-04-05,259413.6864,197664.5141
2018-04-06,252751.0316,193046.9179
2018-04-09,251608.4938,193420.7053
2018-04-10,254948.4182,196880.3104
2018-04-11,252105.3989,195117.4316
2018-04-12,255348.1774,197485.6866
2018-04-13,254376.7194,196494.2662
2018-04-16,255485.729,198211.5519
2018-04-17,256792.4691,199934.4304
2018-04-18,257225.7565,199623.3926
2018-04-19,258167.1252,198952.4469
2018-04-20,258029.5736,197323.4642
2018-04-23,256895.6327,197208.5205
2018-04-24,254241.7469,193783.9373
2018-04-25,253850.5846,194265.4844
2018-04-26,254271.8363,196189.3567
2018-04-27,254466.1279,196099.4152
2018-04-30,249871.0454,194905.2995
2018-05-01,251659.216,194388.2579
2018-05-02,249699.1059,192984.1684
2018-05-03,246776.9945,193025.8701
2018-05-04,251547.4553,195706.7541
2018-05-07,254126.5475,196471.5169
2018-05-08,254212.5172,196494.8333
2018-05-09,257901.4787,197965.5322
2018-05-10,259310.5227,199554.4989
2018-05-11,256851.7882,200293.6923
2018-05-14,256361.7607,200844.1331
2018-05-15,254642.3659,199287.3526
2018-05-16,254728.3356,199791.6489
2018-05-17,254848.6933,199348.4164
2018-05-18,253077.7166,199357.3648
2018-05-21,255003.4388,201762.7055
2018-05-22,255322.3865,200319.8288
2018-05-23,253094.9106,200742.5019
2018-05-24,250902.6823,200137.1257
2018-05-25,250073.934,199663.8812
2018-05-29,245873.4525,196504.8216
2018-05-30,251031.6369,198975.7475
2018-05-31,246905.0894,196943.5484
2018-06-01,248624.4842,198713.044
2018-06-04,247592.8473,200152.691
2018-06-05,246475.2407,200042.1113
2018-06-06,249932.9436,202836.3321
2018-06-07,251805.3645,203602.7805
2018-06-08,252798.315,204208.7081
2018-06-11,251693.6039,204255.3409
2018-06-12,251895.6327,204242.5957
2018-06-13,251692.7442,203278.4303
2018-06-14,249028.542,203069.6065
2018-06-15,247271.3205,202385.3484
2018-06-18,247248.9684,201554.4489
2018-06-19,246475.2407,199237.3483
2018-06-20,245013.7552,198895.2586
2018-06-21,245013.7552,197313.4602
2018-06-22,246338.5488,198274.8843
2018-06-25,244704.2641,195628.4393
2018-06-26,244583.9065,195872.9151
2018-06-27,242090.784,194537.7981
2018-06-28,244944.9794,195332.0057
2018-06-29,242469.0509,195778.5466
2018-07-02,243982.1183,196067.0716
2018-07-03,242434.663,194999.4317
2018-07-05,243840.2682,196466.8379
2018-07-06,243896.1486,197271.3646
2018-07-09,246492.4347,199853.4374
2018-07-10,246204.436,201007.4741
2018-07-11,248006.3618,199239.2703
2018-07-12,247592.8473,201049.6642
2018-07-13,249312.2421,201812.0796
2018-07-16,248452.5447,202174.6499
2018-07-17,248022.696,202622.5772
2018-07-18,260668.8446,203263.0225
2018-07-19,257049.5186,202175.7842
2018-07-20,257376.2036,202124.3148
2018-07-23,258106.9464,202012.7583
2018-07-24,258253.0949,203607.05
2018-07-25,257751.0316,204995.7318
2018-07-26,258339.9243,205906.9784
2018-07-27,259628.6107,205293.8668
2018-07-30,260859.6974,204130.4721
2018-07-31,259241.7469,205004.5227
2018-08-01,258940.8528,204348.1812
2018-08-02,258906.4649,204286.3927
2018-08-03,261924.8624,205386.7859
2018-08-06,268058.8033,205706.2051
2018-08-07,271320.4952,206728.441
2018-08-08,271062.586,206364.1692
2018-08-09,270890.6465,205763.0782
2018-08-10,268225.5846,204181.3743
2018-08-13,266703.9202,203169.5363
2018-08-14,267206.8432,204074.7332
2018-08-15,265689.4773,202965.5491
2018-08-16,269085.282,206162.3562
2018-08-17,269485.0413,207054.3982
2018-08-20,269996.5612,207775.2694
2018-08-21,269708.5626,208288.2779
2018-08-22,268569.4635,207572.8892
2018-08-23,268210.9697,206954.8623
2018-08-24,268956.3274,208030.6472
2018-08-27,271836.3136,210122.1457
2018-08-28,272630.674,210238.1292
2018-08-29,272958.2187,210726.5451
2018-08-30,272524.0715,209616.2267
2018-08-31,271492.4347,209437.9664
2018-09-04,272738.9959,209338.4305
2018-09-05,275034.3879,209519.9992
2018-09-06,275133.2531,209688.4131
2018-09-07,276564.6492,209048.5192
2018-09-10,277303.989,208568.8311
2018-09-11,277890.3026,209488.3015
2018-09-12,277114.8556,209713.0214
2018-09-13,276457.1871,210899.3229
2018-09-14,279400.7909,210969.3352
2018-09-17,279036.2792,210222.8002
2018-09-18,281495.8735,211713.7749
2018-09-19,285419.5323,212994.6813
2018-09-20,286636.0041,215021.0828
2018-09-21,284848.6933,215718.9685
2018-09-24,281843.1912,214255.3591
2018-09-25,282410.5915,213692.0155
2018-09-26,278787.8267,212829.4813
2018-09-27,279170.392,213270.3034
2018-09-28,275103.1637,213418.5674
2018-10-01,276762.3796,214974.5445
2018-10-02,277596.2861,215964.4998
2018-10-03,278437.0702,216403.715
2018-10-04,281894.773,214783.1293
2018-10-05,283270.2889,213327.7437
2018-10-08,286568.9477,213648.2027
2018-10-09,288540.2338,213194.8086
2018-10-10,274329.436,206485.0838
2018-10-11,264786.795,202081.6521
2018-10-12,266506.1898,204397.9492
2018-10-15,264786.795,203676.5108
2018-10-16,270589.7524,208095.7441
2018-10-17,270976.6162,207355.7472
2018-10-18,269257.2215,204716.2341
2018-10-19,270355.055,205239.6562
2018-10-22,265715.2682,204215.8133
2018-10-23,262293.6726,203199.6271
2018-10-24,257904.9175,198295.2862
2018-10-25,259827.2008,201530.8962
2018-10-26,255162.4828,199141.3571
2018-10-29,257909.216,197161.9822
2018-10-30,262705.4677,200644.3366
2018-10-31,264533.1843,202589.2568
2018-11-01,265101.4443,204726.6477
2018-11-02,265140.1307,203840.0881
2018-11-05,278486.0729,205379.6807
2018-11-06,281164.0303,206777.6418
2018-11-07,284895.9766,211176.0794
2018-11-08,286451.1692,211264.1619
2018-11-09,283412.1389,209635.4313
2018-11-12,277716.6437,204778.5897
2018-11-13,280863.1362,203966.4064
2018-11-14,278284.044,202304.8437
2018-11-15,280519.2572,203988.8248
2018-11-16,282281.6369,204988.6423
2018-11-19,280868.2944,201796.1835
2018-11-20,271638.5832,197345.2524
2018-11-21,271923.1431,197337.5801
2018-11-23,266798.4869,195895.8219
2018-11-26,271698.762,198753.6114
2018-11-27,273982.1183,199628.7175
2018-11-28,279401.6506,204611.2157
2018-11-29,280674.8624,204388.6699
2018-11-30,280261.348,205998.8577
2018-12-03,284491.9188,208321.6771
2018-12-04,270804.6768,201873.8681
2018-12-06,268225.5846,201233.407
2018-12-07,264506.5337,196726.6426
2018-12-10,261863.8239,197003.3991
2018-12-11,260682.5997,196575.7318
2018-12-12,261004.1265,197842.3648
2018-12-13,261133.0812,198407.8982
2018-12-14,258184.3191,194400.0264
2018-12-17,255330.1238,190306.1832
2018-12-18,253180.8803,190972.9382
2018-12-19,251925.7221,188133.7861
2018-12-20,249398.2118,184390.5714
2018-12-21,247592.8473,181049.2971
2018-12-24,242984.8693,175780.6845
2018-12-26,253481.7744,184542.6165
2018-12-27,256619.6699,186642.8272
2018-12-28,260144.4292,186026.4073
2018-12-31,263067.4003,188164.4441
2019-01-02,261397.0083,188315.922
2019-01-03,246733.1499,182992.0589
2019-01-04,251461.4856,189017.0373
2019-01-07,253954.608,189809.0551
2019-01-08,253008.9409,191874.811
2019-01-09,253232.4622,192614.2408
2019-01-10,253748.2806,193604.779
2019-01-11,252733.8377,193556.618
2019-01-14,251350.5846,192862.0408
2019-01-15,253610.729,194118.3546
2019-01-16,254307.9436,195260.292
2019-01-17,255800.3783,196574.5975
2019-01-18,263497.249,199286.8642
2019-01-22,258365.7153,196851.9211
2019-01-23,259486.7607,198232.3634
2019-01-24,259353.5076,198051.8502
2019-01-25,260944.8074,199535.7039
2019-01-28,258768.9133,197850.0371
2019-01-29,260488.3081,198267.3853
2019-01-30,265801.238,201775.372
2019-01-31,267795.7359,201652.8505
2019-02-01,269837.5172,202170.8689
2019-02-04,268225.5846,203586.3173
2019-02-05,267107.978,204974.9203
2019-02-06,265483.1499,204803.7652
2019-02-07,260327.5447,203022.9737
2019-02-08,258572.0426,202513.1948
2019-02-11,262107.978,202083.9049
2019-02-12,265870.0138,205089.7851
2019-02-13,265061.8982,206037.6448
2019-02-14,261253.4388,205199.7347
2019-02-15,264906.293,208780.0023
2019-02-19,264197.9023,208845.0992
2019-02-20,266076.3411,209354.2321
2019-02-21,264722.3177,208516.8891
2019-02-22,259628.6107,209978.3244
2019-02-25,260746.2173,210463.4162
2019-02-26,260058.4594,210189.4168
2019-02-27,260488.3081,209602.0321
2019-02-28,259800.5502,209044.171
2019-03-01,262087.3453,209934.039
2019-03-04,260832.1871,208266.9938
2019-03-05,260144.4292,208161.9754
2019-03-06,259091.2999,207087.7974
2019-03-07,257092.5034,205472.6943
2019-03-08,257049.5186,205287.25
2019-03-11,260728.1637,206905.6615
2019-03-12,261550.0344,206129.5241
2019-03-13,263325.3095,207325.1838
2019-03-14,262508.597,207382.0412
2019-03-15,264142.022,208502.6787
2019-03-18,266502.751,209028.842
2019-03-19,264700.8253,208813.3227
2019-03-20,262641.8501,207670.251
2019-03-21,264030.2613,209419.329
2019-03-22,258962.3453,205707.3394
2019-03-25,257376.2036,205824.3784
2019-03-26,258735.3851,206960.912
2019-03-27,257706.3274,206701.6586
2019-03-28,258983.8377,207442.7111
2019-03-29,258953.7483,209146.4481
2019-04-01,264614.8556,211806.2056
2019-04-02,263067.4003,211166.6425
2019-04-03,262852.4759,211481.2251
2019-04-04,263463.7208,212824.2508
2019-04-05,264594.2228,213149.7985
2019-04-08,264323.4182,212472.4723
2019-04-09,264253.7827,210936.3456
2019-04-10,263927.0977,210989.422
2019-04-11,266398.7276,210875.6127
2019-04-12,270159.9037,213047.4425
2019-04-15,270374.8281,212825.3694
2019-04-16,272953.9202,213372.9902
2019-04-17,271698.762,213347.8147
2019-04-18,271088.3769,214235.099
2019-04-22,270030.9491,213843.9818
2019-04-23,273112.1045,215016.325
2019-04-24,271664.3741,214537.6768
2019-04-25,273813.6176,213448.9733
2019-04-26,275962.8611,214104.3537
2019-04-29,279333.7345,214193.5705
2019-04-30,279470.4264,214504.2776
2019-05-01,280175.3783,213191.3426
2019-05-02,278725.9285,212204.428
2019-05-03,281779.5736,213794.7653
2019-05-06,275103.1637,213258.6137
2019-05-07,270907.8404,209440.1405
2019-05-08,270589.7524,209458.2107
2019-05-09,270288.8583,208337.2424
2019-05-10,271234.5254,209256.8703
2019-05-13,265096.2861,204276.9559
2019-05-14,263798.1431,205947.1519
2019-05-15,262706.3274,206882.5814
2019-05-16,264731.7744,208614.0776
2019-05-17,263372.5928,207818.1055
2019-05-20,262518.9133,207139.7395
2019-05-21,263260.8322,208732.2509
2019-05-22,261605.9147,207919.8155
2019-05-23,261446.8707,205611.7578
2019-05-24,260488.3081,206379.8133
2019-05-28,258811.8982,204460.6987
2019-05-29,257788.8583,202675.1652
2019-05-30,258663.1706,203025.8095
2019-05-31,255381.7056,200163.5773
2019-06-03,257687.414,200201.8131
2019-06-04,261348.0055,204334.9476
2019-06-05,263411.2792,206007.8061
2019-06-06,264700.8253,207468.5167
2019-06-07,265874.3122,209592.1856
2019-06-10,267816.3686,210227.3217
2019-06-11,266710.7978,210113.024
2019-06-12,264095.5983,209760.694
2019-06-13,264309.663,210582.9601
2019-06-14,264963.8927,210444.5425
2019-06-17,262620.3576,210629.4196
2019-06-18,265547.6272,213476.8742
2019-06-19,267336.6575,213787.1087
2019-06-20,268999.3122,215796.9682
2019-06-21,265646.4924,215522.4016
2019-06-24,267064.9931,215590.224
2019-06-25,268827.3728,214143.8026
2019-06-26,268831.6713,214051.8445
2019-06-27,273628.7827,213969.2445
2019-06-28,273684.663,214561.1507
2019-07-01,276728.8514,215508.6796
2019-07-02,276405.6052,216067.2653
2019-07-03,277596.2861,217513.7025
2019-07-05,277810.3508,217159.7498
2019-07-08,277210.282,216224.2416
2019-07-09,276994.4979,216041.5385
2019-07-10,275611.2448,216660.2901
2019-07-11,274963.033,218498.4274
2019-07-12,276042.8129,220466.1756
2019-07-15,275361.0729,220685.0191
2019-07-16,274478.1637,220495.2266
2019-07-17,267881.7056,219561.3095
2019-07-18,268228.1637,219586.4849
2019-07-19,265833.9065,219031.7589
2019-07-22,264043.1568,219174.5405
2019-07-23,265938.7895,220604.5932
2019-07-24,268225.5846,219965.5973
2019-07-25,267150.9629,218925.1336
2019-07-26,270804.6768,219340.2919
2019-07-29,269540.0619,219573.4088
2019-07-30,268595.2545,219385.2232
2019-07-31,265359.3535,216693.1221
2019-08-01,261055.7084,214427.7273
2019-08-02,263067.4003,213633.9292
2019-08-05,256004.9862,207444.964
2019-08-06,259908.0124,209959.8446
2019-08-07,257205.9835,209778.7642
2019-08-08,259546.9395,212772.293
2019-08-09,258283.1843,212040.2835
2019-08-12,256190.6809,208886.3913
2019-08-13,257487.9642,211979.5506
2019-08-14,253610.729,205522.6198
2019-08-15,256247.4209,206329.0055
2019-08-16,258386.348,208802.2631
2019-08-19,259124.8281,210817.038
2019-08-20,255764.271,209418.7619
2019-08-21,257311.7263,211357.0022
2019-08-22,259852.132,211756.3589
2019-08-23,255263.0674,206728.3622
2019-08-26,258682.0839,208905.6746
2019-08-27,256550.8941,207930.2291
2019-08-28,258760.3164,210012.9209
2019-08-29,262242.0908,212643.7219
2019-08-30,260555.3645,212974.6732
2019-09-03,259074.9656,210673.7051
2019-09-04,260746.2173,212589.0386
2019-09-05,263124.1403,215595.1551
2019-09-06,264150.619,216154.2293
2019-09-09,266249.1403,216461.1395
2019-09-10,268182.5997,217057.3939
2019-09-11,271862.1045,218893.3413
2019-09-12,272680.5365,219259.6297
2019-09-13,275833.9065,219558.647
2019-09-16,271498.4525,218407.6036
2019-09-17,271444.2916,218681.6976
2019-09-18,272549.8624,218974.3344
2019-09-19,270804.6768,218552.5435
2019-09-20,269687.0702,217264.2169
2019-09-23,269278.7139,217384.5642
2019-09-24,266812.2421,216237.3807
2019-09-25,268144.773,217551.702
2019-09-26,266721.1142,216909.697
2019-09-27,267752.751,216338.0509
2019-09-30,268081.1554,217117.0871
2019-10-01,266510.4883,214343.993
2019-10-02,262285.0757,210355.8928
2019-10-03,264142.022,211343.3589
2019-10-04,268676.066,214349.4912
2019-10-07,267125.1719,213577.5445
2019-10-08,263530.7772,211044.9088
2019-10-09,266506.1898,212512.7246
2019-10-10,266483.8377,213727.9826
2019-10-11,268655.4333,216308.5273
2019-10-14,267916.0935,216072.7479
2019-10-15,270159.9037,217988.0026
2019-10-16,269816.0248,217803.9289
2019-10-17,269257.2215,217996.7147
2019-10-18,269317.4003,215934.3303
2019-10-21,272558.4594,216397.6653
2019-10-22,271819.1197,216078.7188
2019-10-23,272145.8047,216448.5518
2019-10-24,270827.8886,216219.3105
2019-10-25,272949.6217,217449.6612
2019-10-28,274290.7497,218519.7272
2019-10-29,274607.1183,218364.3737
2019-10-30,275103.1637,219293.8323
2019-10-31,274191.0248,218160.8592
2019-11-01,278026.1348,220589.8313
2019-11-04,280949.1059,221515.4302
2019-11-05,284989.6836,221761.6232
2019-11-06,286154.5736,221761.056
2019-11-07,287018.5695,223231.0459
2019-11-08,285012.0358,223282.988
2019-11-11,284547.7992,223365.6667
2019-11-12,284650.9629,223365.6667
2019-11-13,283186.0385,224108.5625
2019-11-14,283100.0688,224095.4234
2019-11-15,283188.6176,225893.6234
2019-11-18,283033.8721,226146.3387
2019-11-19,282497.4209,225321.9615
2019-11-20,280873.4525,224411.0458
2019-11-21,279489.3398,223969.0106
2019-11-22,281088.3769,224850.8911
2019-11-25,282239.5117,226390.3419
2019-11-26,282326.3411,226835.6697
2019-11-27,284289.0303,227177.0347
2019-11-29,284125.6878,226268.8602
2019-12-02,284223.6933,224104.1198
2019-12-03,281584.4223,221843.7348
2019-12-04,281551.7538,223029.2171
2019-12-05,283527.3384,223255.1501
2019-12-06,286829.436,225975.6562
2019-12-09,285337.0014,225124.9851
2019-12-10,285522.696,224900.1077
2019-12-11,286795.0481,225138.7071
2019-12-12,291265.4746,226919.3253
2019-12-13,290646.4924,226946.1864
2019-12-16,292623.7964,227756.9203
2019-12-17,291437.414,228009.1473
2019-12-18,290147.868,227784.2541
2019-12-19,290140.1307,228894.8246
2019-12-20,292168.1568,229525.0296
2019-12-23,290616.403,230302.9315
2019-12-24,290912.9986,230011.9016
2019-12-26,291996.2173,230866.4484
2019-12-27,291368.6382,231058.9821
2019-12-30,291222.4897,229581.9027
2019-12-31,291944.6355,230197.3459
2020-01-02,294240.8872,232862.1132
2020-01-03,291570.6671,230975.2636
2020-01-06,292477.6479,231527.7997
2020-01-07,291352.304,230562.2636
2020-01-08,291599.0371,231864.2335
2020-01-09,295102.304,233572.7441
2020-01-10,292456.1554,232498.8812
2020-01-13,294751.5475,233170.6462
2020-01-14,292904.0578,233433.7594
2020-01-15,294489.3398,234164.1619
2020-01-16,296170.0481,236321.23
2020-01-17,296569.8074,236728.2433
2020-01-21,294575.3095,235501.6894
2020-01-22,296337.6891,235422.8862
2020-01-23,296091.8157,235211.7151
2020-01-24,292468.1912,233837.5588
2020-01-27,286813.1018,230176.0618
2020-01-28,288858.3219,231684.8389
2020-01-29,289267.5378,231778.4039
2020-01-30,294016.5062,232786.6027
2020-01-31,288854.8831,227919.3633
2020-02-03,287878.2669,229079.1346
2020-02-04,290079.9519,232368.7032
2020-02-05,294545.2201,236266.4522
2020-02-06,295805.5365,236983.6999
2020-02-07,293070.8391,234747.2614
2020-02-10,292607.4622,236153.2888
2020-02-11,292967.6754,236149.4132
2020-02-12,293156.8088,238368.2698
2020-02-13,291007.5653,237334.9113
2020-02-14,292489.6836,237131.3968
2020-02-18,292077.8886,235793.2864
2020-02-19,295735.901,236727.6761
2020-02-20,294121.3893,235694.806
2020-02-21,295262.2077,233859.1737
2020-02-24,286442.5722,225537.985
2020-02-25,281980.7428,218444.2167
2020-02-26,278800.7221,217445.8644
2020-02-27,268757.7373,207839.4053
2020-02-28,265729.0234,204957.496
2020-03-02,278971.8019,215394.8702
2020-03-03,269871.0454,209055.5456
2020-03-04,280368.8102,218520.8458
2020-03-05,270804.6768,210699.9991
2020-03-06,267274.7593,208631.0135
2020-03-09,249316.5406,192387.5832
2020-03-10,260970.5983,201801.9968
2020-03-11,251143.3975,189985.4721
2020-03-12,233837.6891,171008.8691
2020-03-13,248452.5447,187020.3169
2020-03-16,230398.8996,162845.0505
2020-03-17,240928.4732,171305.3973
2020-03-18,220340.4402,160509.0762
2020-03-19,224974.2091,162027.6997
2020-03-20,221239.6836,154661.5547
2020-03-23,206327.3728,149966.6047
2020-03-24,229616.575,167010.3712
2020-03-25,232770.8047,171008.3177
2020-03-26,237358.1499,181910.7758
2020-03-27,230507.2215,174527.0331
2020-03-30,235575.1376,180098.3811
2020-03-31,233837.6891,176788.647
2020-04-01,224595.9422,168934.9682
2020-04-02,233386.348,172725.5247
2020-04-03,230359.3535,169814.3438
2020-04-06,238359.6974,182941.8026
2020-04-07,237878.2669,182731.0253
2020-04-08,246732.2902,189020.3457
2020-04-09,249742.0908,191325.6621
2020-04-13,243122.4209,188675.1052
2020-04-14,249080.1238,193184.0437
2020-04-15,243939.1334,189591.2671
2020-04-16,242677.0977,189860.1149
2020-04-17,244497.9367,195545.2722
2020-04-20,243122.4209,190769.66
2020-04-21,237061.5543,185675.3691
2020-04-22,240422.9711,189361.1435
2020-04-23,239640.6465,189679.2708
2020-04-24,240251.0316,191776.567
2020-04-27,241801.9257,194668.3858
2020-04-28,241231.0867,194408.4235
2020-04-29,244797.9711,198702.142
2020-04-30,242176.7538,196377.9519
2020-05-01,235535.5915,191360.5107
2020-05-04,229607.978,191570.7996
2020-05-05,227200.8253,192646.2694
2020-05-06,222747.5928,190884.2098
2020-05-07,224166.0935,192588.1989
2020-05-08,228060.5227,196261.7952
2020-05-11,224897.696,195379.9147
2020-05-12,223521.3205,191691.9504
2020-05-13,219837.5172,187523.2583
2020-05-14,220280.2613,190567.201
2020-05-15,217934.1472,191051.8202
2020-05-18,226014.4429,198407.8037
2020-05-19,222403.7139,195257.8658
2020-05-20,227046.0798,198234.632
2020-05-21,225159.9037,197413.642
2020-05-22,226181.2242,197341.3769
2020-05-26,232401.9945,201616.0641
2020-05-27,239421.4237,206077.9759
2020-05-28,238166.2655,204887.1686
2020-05-29,239546.0798,204745.7577
2020-06-01,236932.5997,205487.1253
2020-06-02,239477.304,207645.8948
2020-06-03,245950.8253,211898.7308
2020-06-04,247487.9642,211994.9583
2020-06-05,258700.1376,218683.147
2020-06-08,259830.6396,222405.3769
2020-06-09,252712.3453,219984.3922
2020-06-10,246905.0894,217707.2131
2020-06-11,230165.9216,202689.3598
2020-06-12,233420.7359,206539.9246
2020-06-15,233799.8624,207811.3311
2020-06-16,235110.0413,212060.7799
2020-06-17,236416.7813,210686.5291
2020-06-18,234697.3865,210367.8346
2020-06-19,233493.8102,208684.9091
2020-06-22,233837.6891,209923.0739
2020-06-23,234439.4773,210980.8674
2020-06-24,229057.7717,205252.559
2020-06-25,230261.348,207669.6839
2020-06-26,226444.2916,201780.949
2020-06-29,228008.0812,206461.3735
2020-06-30,229797.1114,208212.3893
2020-07-01,229556.3961,207583.9488
2020-07-02,230012.8955,208329.1762
2020-07-06,235600.0688,212036.9751
2020-07-07,233528.1981,208835.8987
2020-07-08,233639.9587,210264.4232
2020-07-09,231069.4635,207350.9894
2020-07-10,235471.1142,210329.1262
2020-07-13,237289.3741,210413.8215
2020-07-14,244824.6217,214905.0049
2020-07-15,245460.7978,216740.1488
2020-07-16,246106.4305,215648.0739
2020-07-17,245993.8102,215141.8241
2020-07-20,245520.9766,215213.7741
2020-07-21,247765.6465,216500.5884
2020-07-22,247559.3191,217835.0595
2020-07-23,248827.3728,214983.5718
2020-07-24,250705.8116,213511.9749
2020-07-27,247684.8349,214438.6135
2020-07-28,250120.3576,212781.084
2020-07-29,253177.4415,214074.0266
2020-07-30,250483.1499,212251.7067
2020-07-31,252433.8033,213176.6596
2020-08-03,256877.5791,215080.9336
2020-08-04,258192.9161,216404.3609
2020-08-05,262379.6424,219413.455
2020-08-06,264318.26,220909.4238
2020-08-07,270232.1183,221284.5031
2020-08-10,274097.3177,224171.8792
2020-08-11,274570.1513,223328.7228
2020-08-12,275103.1637,225667.3596
2020-08-13,273481.7744,225021.101
2020-08-14,271880.1582,225297.7629
2020-08-17,266695.3232,224603.1857
2020-08-18,269445.4952,224064.0407
2020-08-19,267193.9477,223376.8838
2020-08-20,265904.4017,223754.7831
2020-08-21,267474.2091,225292.2016
2020-08-24,274071.5268,228342.2885
2020-08-25,275077.3728,227858.142
2020-08-26,277081.3274,228531.5138
2020-08-27,279968.1912,229824.9291
2020-08-28,281491.575,231128.4272
2020-08-31,281602.4759,229323.059
2020-09-01,281499.3122,231062.2117
2020-09-02,286141.6781,234731.0502
2020-09-03,281430.5365,228215.4031
2020-09-04,281465.784,226929.4868
2020-09-08,281292.9849,221828.2483
2020-09-09,283493.8102,225373.9981
2020-09-10,281305.0206,222099.9948
2020-09-11,281219.9106,223157.1581
2020-09-14,283463.7208,225800.3735
2020-09-15,282671.9395,225818.68
2020-09-16,283529.0578,226115.3657
2020-09-17,280606.0867,225063.5274
2020-09-18,281637.7235,223090.8481
2020-09-21,274702.5447,218979.3285
2020-09-22,275619.8418,220112.4749
2020-09-23,270667.1252,215877.3153
2020-09-24,269755.8459,216299.248
2020-09-25,270938.7895,219191.1613
2020-09-28,275155.6052,222499.1152
2020-09-29,271570.6671,221439.2107
2020-09-30,275104.0234,224093.3123
2020-10-01,273899.5873,224377.2527
2020-10-02,272936.7263,223295.6545
2020-10-05,274243.4663,227053.1426
2020-10-06,271105.5708,224021.2047
2020-10-07,274734.3535,228301.9574
2020-10-08,277918.6726,229286.4302
2020-10-09,278086.3136,230588.2425
2020-10-12,279023.3838,232609.7918
2020-10-13,274216.8157,231337.6763
2020-10-14,271733.1499,230000.2119
2020-10-15,272988.3081,229840.4944
2020-10-16,273817.0564,230744.8091
2020-10-19,269515.1307,227430.4747
2020-10-20,271127.0633,228344.9352
2020-10-21,270981.7744,227554.6977
2020-10-22,272678.8171,228787.5376
2020-10-23,274539.2022,228560.9587
2020-10-26,268857.4622,223316.3872
2020-10-27,266970.4264,221524.1423
2020-10-28,259405.0894,213915.7586
2020-10-29,260488.3081,215038.2551
2020-10-30,260058.4594,213767.7466
2020-11-02,263389.7868,217183.3971
2020-11-03,267072.7304,221659.9762
2020-11-04,266078.9202,224625.3678
2020-11-05,268168.8446,229001.45
2020-11-06,269846.1142,228462.7934
2020-11-09,284215.956,235194.6216
2020-11-10,294876.2036,237315.628
2020-11-11,293380.3301,237127.7733
2020-11-12,289555.5365,234567.0633
2020-11-13,293805.0206,237790.6527
2020-11-16,300498.6245,241586.8493
2020-11-17,300503.7827,240239.0658
2020-11-18,297104.5392,237456.7868
2020-11-19,296595.5983,237818.2386
2020-11-20,293448.2462,236045.6866
2020-11-23,296092.6754,238689.7055
2020-11-24,301840.6121,242359.5995
2020-11-25,301233.6657,240957.9362
2020-11-27,298659.7318,241263.6333
2020-11-30,295467.6754,239071.8112
2020-12-01,296367.7785,240566.3148
2020-12-02,297352.132,241049.2325
2020-12-03,298048.4869,241740.7534
2020-12-04,298314.9931,243747.147
2020-12-07,295339.5805,242549.5496
2020-12-08,294258.0812,243389.1769
2020-12-09,292727.8198,242541.6566
2020-12-10,292726.9601,241980.6447
2020-12-11,292352.132,242360.6393
2020-12-14,288342.5034,240869.8537
2020-12-15,289850.4127,243594.2984
2020-12-16,291007.5653,243233.1617
2020-12-17,292128.6107,244433.658
2020-12-18,290491.7469,243430.8787
2020-12-21,290937.9298,243732.5427
2020-12-22,288668.3287,242111.7208
2020-12-23,289460.11,243033.8536
2020-12-24,292522.3521,243598.8042
2020-12-28,294533.1843,245245.1324
2020-12-29,296440.8528,244694.2032
2020-12-30,296677.2696,245290.2213
2020-12-31,299015.6465,246878.6208
2021-01-04,295327.5447,243792.5667
2021-01-05,293861.7607,245145.3444
2021-01-06,297617.7785,248676.742
2021-01-07,300970.5983,250384.6067
2021-01-08,302647.0083,250843.0894
2021-01-11,300937.0702,250122.9272
2021-01-12,301289.5461,250606.9004
2021-01-13,303639.9587,250540.6061
2021-01-14,303302.0977,249984.4308
2021-01-15,301169.1884,248554.6144
2021-01-19,303020.9766,249492.3913
2021-01-20,303302.0977,251572.3577
2021-01-21,304332.8748,251472.5697
2021-01-22,301427.0977,250028.4799
2021-01-25,302527.5103,249730.1873
2021-01-26,300206.3274,249544.9793
2021-01-27,295263.0674,244432.051
2021-01-28,299363.8239,246853.4454
2021-01-29,295821.8707,241846.4177
2021-02-01,297605.7428,243695.9296
2021-02-02,301066.8845,247531.9847
2021-02-03,301496.7331,247823.3296
2021-02-04,304986.2448,250503.4101
2021-02-05,304677.6135,251248.5745
2021-02-08,306997.9367,253164.4594
2021-02-09,311382.3934,253084.3644
2021-02-10,310600.0688,253584.2338
2021-02-11,310909.5598,253526.951
2021-02-12,313789.5461,253750.3947
2021-02-16,317514.6149,254269.4529
2021-02-17,318517.8817,254997.5868
2021-02-18,315852.8198,254032.2241
2021-02-19,313273.7276,254040.1328
2021-02-22,317443.26,254260.8983
2021-02-23,318995.0138,254387.2166
2021-02-24,322386.5199,257811.4059
2021-02-25,316196.6988,253295.5355
2021-02-26,313428.4732,249507.3107
2021-03-01,324754.9862,254372.376
2021-03-02,324823.762,253210.919
2021-03-03,328129.2985,252231.4403
2021-03-04,318294.3604,249440.9377
2021-03-05,328060.5227,254056.1077
2021-03-08,334044.0165,256525.4897
2021-03-09,336537.1389,256769.9025
2021-03-10,342881.7056,260514.8817
2021-03-11,340783.1843,262035.9314
2021-03-12,339323.4182,264399.7436
2021-03-15,332187.0702,265809.8828
2021-03-16,329023.3838,264781.3452
2021-03-17,327975.4127,266309.2638
2021-03-18,329715.4402,265074.5649
2021-03-19,329004.4704,263184.4068
2021-03-22,327031.4649,264017.0708
2021-03-23,324484.1816,261532.281
2021-03-24,324965.6121,261507.3576
2021-03-25,325567.4003,263115.9227
2021-03-26,333558.2875,266773.1345
2021-03-29,336605.9147,267567.5942
2021-03-30,335591.4718,266725.3988
2021-03-31,331587.0014,266036.4617
2021-04-01,335591.4718,267421.1104
2021-04-05,340040.4058,270437.7193
2021-04-06,341213.8927,269655.674
2021-04-07,340343.879,269784.9226
2021-04-08,340441.0248,270247.1863
2021-04-09,343878.9546,272643.1059
2021-04-12,346131.3618,272197.8253
2021-04-13,346028.1981,271648.2825
2021-04-14,346458.0468,272080.8021
2021-04-15,347996.0454,274541.7871
2021-04-16,351831.1554,275870.1613
2021-04-19,349471.2861,274877.6695
2021-04-20,346534.5598,272810.0704
2021-04-21,352607.4622,275359.0591
2021-04-22,348952.0289,272766.4939
2021-04-23,351478.6795,274602.2837
2021-04-26,350349.8968,274102.8397
2021-04-27,353679.5048,274129.9372
2021-04-28,353325.3095,272802.6343
2021-04-29,359271.8363,274738.3697
2021-04-30,354625.1719,273242.0228
2021-05-03,361072.9023,275164.8396
2021-05-04,362293.6726,275324.5571
2021-05-05,365233.8377,276109.4696
2021-05-06,374071.5268,278676.0717
2021-05-07,375800.3783,280525.0952
2021-05-10,377802.6135,280243.2501
2021-05-11,369891.6781,276422.6028
2021-05-12,365636.1761,270925.4736
2021-05-13,370220.0825,274424.5118
2021-05-14,375911.2792,277333.8337
2021-05-17,373387.2077,276895.5165
2021-05-18,371188.9615,274740.7959
2021-05-19,370288.8583,273412.9258
2021-05-20,370892.3659,274930.2575
2021-05-21,371792.4691,275927.9797
2021-05-24,374338.8927,277429.431
2021-05-25,371624.8281,276771.8765
2021-05-26,372077.0289,276857.2965
2021-05-27,374329.436,277999.3914
2021-05-28,374828.0605,278522.1518
2021-06-01,374229.7111,278892.0637
2021-06-02,374517.7098,279094.2863
2021-06-03,377187.9298,278906.022
2021-06-04,377420.9078,280352.7112
2021-06-07,373633.9409,279335.1386
2021-06-08,373547.1114,279089.7806
2021-06-09,372356.4305,277858.2326
2021-06-10,367224.8968,278012.2785
2021-06-11,369912.3109,278120.0696
2021-06-14,366127.923,277427.572
2021-06-15,366269.773,276665.9443
2021-06-16,365925.8941,274523.1024
2021-06-17,361381.5337,272827.4001
2021-06-18,354822.0426,268525.1113
2021-06-21,359164.3741,273259.1005
2021-06-22,360105.7428,273812.5188
2021-06-23,355820.1513,273237.0759
2021-06-24,356774.4154,275839.0937
2021-06-25,360328.4044,277750.9455
2021-06-28,357895.4608,276536.4122
2021-06-29,358493.8102,276609.1657
2021-06-30,359870.1857,278304.868
2021-07-01,361936.8982,279361.7004
2021-07-02,361072.9023,280594.3828
2021-07-06,358433.6314,278908.7002
2021-07-07,360557.9436,279750.9586
2021-07-08,354057.7717,277654.8756
2021-07-09,362792.2971,281270.4014
2021-07-12,361878.4388,282286.9027
2021-07-13,360918.1568,281420.6662
2021-07-14,359783.3563,281779.1404
2021-07-15,362233.4938,282213.0149
2021-07-16,359010.4883,279799.8601
2021-07-19,352862.7923,273945.2964
2021-07-20,357843.879,278381.308
2021-07-21,361120.1857,280688.3416
2021-07-22,359181.5681,280892.8329
2021-07-23,360213.205,282814.2004
2021-07-26,360643.0536,283481.7431
2021-07-27,363057.9436,282789.7496
2021-07-28,360191.7125,281760.5818
2021-07-29,361654.0578,282999.5659
2021-07-30,360127.2352,281797.1949
2021-08-02,359950.9972,281012.2823
2021-08-03,364258.9409,283256.6137
2021-08-04,361040.2338,280645.3638
2021-08-05,362195.6671,282835.9729
2021-08-06,369807.4278,283999.6197
2021-08-09,371286.967,283139.2753
2021-08-10,373633.0812,284452.6199
2021-08-11,376685.0069,286229.5831
2021-08-12,375296.5956,286349.6311
2021-08-13,372355.5708,286474.8781
2021-08-16,374286.4512,287362.3199
2021-08-17,374492.7785,285086.7004
2021-08-18,370229.5392,282000.6464
2021-08-19,368805.0206,281463.6756
2021-08-20,369675.8941,283286.2948
2021-08-23,365371.3893,285025.6366
2021-08-24,370271.6644,285272.066
2021-08-25,371693.6039,285588.5706
2021-08-26,369424.8624,284036.7999
2021-08-27,370444.4635,285994.3078
2021-08-30,369429.1609,285542.9145
2021-08-31,369583.9065,285227.4497
2021-09-01,369669.8762,284838.6642
2021-09-02,368500.6878,285897.6707
2021-09-03,364684.4911,285294.8783
2021-09-07,360944.8074,283124.3402
2021-09-08,361691.0248,282568.3382
2021-09-09,361317.9161,281344.7618
2021-09-10,359313.9615,279153.4911
2021-09-13,361761.5199,281266.1162
2021-09-14,358490.3714,278910.3072
2021-09-15,360888.0674,280820.552
2021-09-16,360316.3686,280311.813
2021-09-17,357977.9917,278969.2599
2021-09-20,357634.1128,274013.2921
2021-09-21,354884.8006,273604.9082
2021-09-22,354264.9587,276335.1663
2021-09-23,359688.7895,280420.707
2021-09-24,359440.337,280688.3416
2021-09-27,361752.923,281264.0366
2021-09-28,358132.7373,276671.2693
2021-09-29,358635.6602,277403.1213
2021-09-30,353661.4512,272992.5371
2021-10-01,356669.5323,276884.8036
2021-10-04,354659.5598,274275.0662
2021-10-05,359816.8845,276789.7104
2021-10-06,362706.3274,277615.0171
2021-10-07,365741.9188,280341.0215
2021-10-08,367748.4525,280270.9147
2021-10-11,363651.9945,278252.8157
2021-10-12,360725.5846,277303.2703
2021-10-13,359699.1059,277298.9851
2021-10-14,364209.0784,281612.3965
2021-10-15,367693.4319,284695.3312
2021-10-18,366393.5695,284403.7184
2021-10-19,368040.7497,286006.4701
2021-10-20,371814.8212,287232.7877
2021-10-21,371114.1678,287182.2793
2021-10-22,374589.0646,287778.707
2021-10-25,375172.7992,288295.9849
2021-10-26,376452.8886,288422.8704
2021-10-27,372291.9532,286275.7433
2021-10-28,375042.9849,288209.9347
2021-10-29,372164.718,288928.4585
2021-11-01,370481.4305,289688.9519
2021-11-02,373319.2916,290808.4551
2021-11-03,373985.5571,291654.9986
2021-11-04,372336.6575,291386.0091
2021-11-05,373108.6657,293029.2494
2021-11-08,374140.3026,293870.3105
2021-11-09,371114.1678,292964.9717
2021-11-10,370187.414,291028.7637
2021-11-11,368983.8377,289748.5663
2021-11-12,371023.8996,291193.0499
2021-11-15,369069.8074,291089.3234
2021-11-16,367694.2916,291531.1065
2021-11-17,366401.3067,289827.7791
2021-11-18,363395.8047,289342.9866
2021-11-19,363973.5213,287173.4254
2021-11-22,369755.8459,287312.7252
2021-11-23,373900.447,288882.0147
2021-11-24,372535.2476,288806.0158
2021-11-26,367806.912,281505.7712
2021-11-29,365594.9106,283414.2515
2021-11-30,358387.2077,278153.2798
2021-12-01,357341.8157,274429.2696
2021-12-02,361559.4911,279412.1773
2021-12-03,359934.663,278930.5357
2021-12-06,366403.0261,284149.0023
2021-12-07,369523.7276,288120.7967
2021-12-08,367438.9615,288405.6981
2021-12-09,368296.0798,288405.2255
2021-12-10,373968.3631,290149.9238
2021-12-13,376315.337,287568.4181
2021-12-14,383514.4429,286707.1915
2021-12-15,381449.4498,289798.5706
2021-12-16,390775.447,289558.2854
2021-12-17,381107.2902,285265.4492
2021-12-20,376070.3232,281770.507
2021-12-21,380845.9422,286291.9387
2021-12-22,382211.1417,288398.7662
2021-12-23,382267.8817,289985.1334
2021-12-27,384379.2985,292822.9936
2021-12-28,386494.1541,293595.9959
2021-12-29,388670.9078,294325.3272
2021-12-30,389185.0069,293594.9246
2021-12-31,387432.9436,293112.7474
2022-01-03,390560.5227,295103.1503
2022-01-04,400382.5653,296834.0793
2022-01-05,401714.2366,293667.7727
2022-01-06,406768.3975,292291.3478
2022-01-07,412654.7455,292252.5606
2022-01-10,410217.5034,290939.4681
2022-01-11,412947.0426,292416.7838
2022-01-12,414116.2311,292725.7264
2022-01-13,415983.4938,291300.4315
2022-01-14,417279.0578,289672.5674
2022-01-18,412724.381,285289.8684
2022-01-19,407015.1307,282548.8028
2022-01-20,401813.9615,280021.9962
2022-01-21,394321.6988,276392.0394
2022-01-24,392796.5956,277191.635
2022-01-25,397110.5571,276653.0573
2022-01-26,398600.4127,275607.3474
2022-01-27,396492.4347,275548.3947
2022-01-28,403954.608,280103.2886
2022-01-31,403890.1307,283381.325
2022-02-01,405075.6534,285586.4595
2022-02-02,412224.8968,287394.0176
2022-02-03,406237.9642,283214.3605
2022-02-04,406949.7937,283041.567
2022-02-07,408270.2889,283052.784
2022-02-08,414399.9312,286050.6138
2022-02-09,416007.5653,288513.0482
2022-02-10,412745.0138,284266.4351
2022-02-11,412113.1362,280204.841
2022-02-14,406129.6424,278818.3649
2022-02-15,407479.3673,282227.6979
2022-02-16,407878.2669,281787.5217
2022-02-17,404620.8735,276768.4105
2022-02-18,405998.1087,274890.1785
2022-02-22,405276.8226,270997.6599
2022-02-23,400202.0289,267248.0962
2022-02-24,397274.7593,267990.7242
2022-02-25,412091.6437,274725.3881
2022-02-28,409392.1939,273385.1982
2022-03-01,409111.9326,268564.4026
2022-03-02,417906.6369,273375.1154
2022-03-03,422322.0426,272595.1812
2022-03-04,419050.8941,271144.3958
2022-03-07,416546.5956,264712.2151
2022-03-08,410956.8432,263222.0754
2022-03-09,419742.9505,268494.2328
2022-03-10,419377.5791,267589.3667
2022-03-11,421081.4993,265735.1127
2022-03-14,424505.674,265743.557
2022-03-15,428266.8501,270576.0424
2022-03-16,433318.4319,274760.4888
2022-03-17,445699.7937,278129.4277
2022-03-18,441017.022,280340.927
2022-03-21,451341.1279,278712.0231
2022-03-22,452075.3095,280764.6556
2022-03-23,448573.762,277143.2377
2022-03-24,454622.5928,279961.9092
2022-03-25,463333.0468,281198.4356
2022-03-28,463531.6369,281961.9222
2022-03-29,457368.4663,284690.7309
2022-03-30,461176.066,284163.3388
2022-03-31,454712.0014,279723.231
2022-04-01,453713.8927,280851.8401
2022-04-04,445937.0702,281687.5762
2022-04-05,443603.8514,279423.3944
2022-04-06,444465.2682,278256.4707
2022-04-07,446836.3136,278958.7045
2022-04-08,454779.9175,280068.2194
2022-04-11,453567.7442,276736.5238
2022-04-12,450714.4085,276028.965
2022-04-13,446870.7015,278805.6038
2022-04-14,443977.8198,277891.2221
2022-04-18,446611.9326,277572.2913
2022-04-19,449845.2545,281601.4315
2022-04-20,449536.6231,283614.6782
2022-04-21,443444.8074,280646.0885
2022-04-22,434525.447,272730.1959
2022-04-25,435178.8171,274650.4605
2022-04-26,427937.586,268122.6195